model,task,cohort,metric,n,n_positive,ours,baseline,difference,p_raw,test,delong_variance,p_holm105,p_holm3780,p_holm19_conditional,p_holm684_conditional,significant_raw,significant_holm105,significant_holm3780,significant_holm19_conditional,significant_holm684_conditional
AdaBoost,Grade,Development OOF,accuracy,784,521,0.8392857142857143,0.60076530612244894,0.23852040816326536,5.1589983678726973e-29,exact McNemar,,5.4169482862663321e-27,1.9047021974185998e-25,9.8020968989581251e-28,3.4307339146353436e-26,True,True,True,True,True
AdaBoost,Grade,Development OOF,f1,784,521,0.87272727272727268,0.6601520086862106,0.21257526404106208,2.3418069959515002e-28,exact paired swap,,2.4588973457490752e-26,8.6295587800812786e-25,4.4494332923078502e-27,1.5479344243239417e-25,True,True,True,True,True
AdaBoost,Grade,Development OOF,mcc,784,521,0.66306000754319727,0.20634855235335076,0.45671145518984652,8.924202766871576e-28,exact paired swap,,9.1919288498777228e-26,3.2805369371019915e-24,1.6955985257055994e-26,5.8810496233683687e-25,True,True,True,True,True
AdaBoost,Grade,Development OOF,roc_auc,784,521,0.91483911460119827,0.68312619049356682,0.23171292410763145,7.9148197437534723e-29,paired DeLong,0.00043740567946379662,7.2024859668156595e-27,2.9205684854450312e-25,1.424667553875625e-27,5.2554403098523055e-26,True,True,True,True,True
AdaBoost,IDH,Development OOF,accuracy,1355,281,0.89446494464944648,0.77638376383763841,0.11808118081180807,3.2167498929816645e-21,exact McNemar,,2.2195574261573484e-19,1.1236107376184955e-17,4.5034498501743303e-20,1.9461336852539069e-18,True,True,True,True,True
AdaBoost,IDH,Development OOF,f1,1355,281,0.77265500794912556,0.54572713643178405,0.22692787151734151,3.862780249528481e-22,exact paired swap,,2.9743407921369305e-20,1.3608286573885611e-18,6.1804483992455696e-21,2.3794222337534874e-19,True,True,True,True,True
AdaBoost,IDH,Development OOF,mcc,1355,281,0.71178394409360823,0.41116977804114341,0.30061416605246483,3.8626984314179994e-22,exact paired swap,,3.0129047765060392e-20,1.3608286573885611e-18,6.180317490268799e-21,2.3794222337534874e-19,True,True,True,True,True
AdaBoost,IDH,Development OOF,roc_auc,1355,281,0.94594988634631572,0.80148213682180569,0.14446774952451003,7.3145501118627345e-24,paired DeLong,0.00020854041179444176,7.3145501118627347e-22,2.6178774850356726e-20,1.3166190201352923e-22,4.6447393210328363e-21,True,True,True,True,True
AdaBoost,1p/19q,Development OOF,accuracy,571,90,0.79684763572679507,0.67950963222416816,0.11733800350262691,1.3544054080208364e-07,exact McNemar,,9.6498844693534618e-06,0.00031679542493607361,1.2189648672187526e-06,5.4447097402437619e-05,True,True,True,True,True
AdaBoost,1p/19q,Development OOF,f1,571,90,0.546875,0.37113402061855671,0.17574097938144329,2.9821321923394109e-06,exact paired swap,,0.00021173138565609817,0.0063549237018752846,2.9821321923394109e-05,0.0010497105317034726,True,True,True,True,True
AdaBoost,1p/19q,Development OOF,mcc,571,90,0.46396530023727411,0.22460172071233431,0.23936357952493981,6.0128038242056424e-06,exact paired swap,,0.00044494748299121756,0.012362324662566801,6.614084206626207e-05,0.0020216442808229391,True,True,True,True,True
AdaBoost,1p/19q,Development OOF,roc_auc,571,90,0.85162855162855167,0.71849156849156848,0.13313698313698319,5.9989444534805308e-06,paired DeLong,0.00092495386724225539,0.0004028053641861141,0.012339828740809453,4.1992611174363716e-05,0.0020216442808229391,True,True,True,True,True
AdaBoost,Grade,UCSF,accuracy,495,396,0.87272727272727268,0.58181818181818179,0.29090909090909089,8.9839272305802849e-27,exact McNemar,,8.8940879582744814e-25,3.281828617330978e-23,1.3475890845870428e-25,5.8934562632606672e-24,True,True,True,True,True
AdaBoost,Grade,UCSF,f1,495,396,0.91520861372812923,0.66879999999999995,0.24640861372812928,1.7665708398470131e-27,exact paired swap,,1.7665708398470131e-25,6.4833149822385378e-24,2.6498562597705195e-26,1.1624036126193345e-24,True,True,True,True,True
AdaBoost,Grade,UCSF,mcc,495,396,0.68838120352133136,0.26133715273055658,0.42704405079077479,2.0859561686421417e-21,exact paired swap,,2.0650966069557202e-19,7.3008465902474965e-18,3.1289342529632126e-20,1.26617539436578e-18,True,True,True,True,True
AdaBoost,Grade,UCSF,roc_auc,495,396,0.95464748495051532,0.71351137639016415,0.24113610856035117,5.2228723313633962e-15,paired DeLong,0.00097218477178385456,4.6483563749134224e-13,1.6347590397167429e-11,8.8788829633177737e-14,2.924808505563502e-12,True,True,True,True,True
AdaBoost,IDH,UCSF,accuracy,495,103,0.92525252525252522,0.78989898989898988,0.13535353535353534,3.0563458190457123e-11,exact McNemar,,1.3753556185705705e-09,8.5302611809565833e-08,2.1394420733319987e-10,1.5037221429704905e-08,True,True,True,True,True
AdaBoost,IDH,UCSF,f1,495,103,0.82790697674418601,0.45263157894736844,0.37527539779681757,6.1517461777504838e-14,exact paired swap,,3.6910477066502902e-12,1.8768977588316725e-10,6.7669207955255319e-13,3.3342464283407625e-11,True,True,True,True,True
AdaBoost,IDH,UCSF,mcc,495,103,0.78138872056826103,0.3255369842751889,0.45585173629307213,1.9793409878727536e-13,exact paired swap,,1.1282243630874696e-11,5.9597957144848609e-10,2.177275086660029e-12,1.0609267694997959e-10,True,True,True,True,True
AdaBoost,IDH,UCSF,roc_auc,495,103,0.95321478105805435,0.74595056469189625,0.2072642163661581,1.6864408906268823e-13,paired DeLong,0.00081087196198474979,1.4334747570328499e-11,5.0879921670213035e-10,2.6983054250030117e-12,9.0561875826663584e-11,True,True,True,True,True
AdaBoost,1p/19q,UCSF,accuracy,404,15,0.84653465346534651,0.76485148514851486,0.081683168316831645,0.00046232220588596586,exact McNemar,,0.018492888235438633,0.70319207515255411,0.0018492888235438635,0.10864571838320197,True,True,False,True,False
AdaBoost,1p/19q,UCSF,f1,404,15,0.26190476190476192,0.11214953271028037,0.14975522919448153,0.0014204840979218951,exact paired swap,,0.073865173091938546,1,0.0071024204896094753,0.29087354161442242,True,False,False,True,False
AdaBoost,1p/19q,UCSF,mcc,404,15,0.2935348174107989,0.080669405761658347,0.21286541164914055,0.0043399964281561794,exact paired swap,,0.32549973211171346,1,0.043399964281561794,0.77685936063995609,True,False,False,True,False
AdaBoost,1p/19q,UCSF,roc_auc,404,15,0.92476435304198801,0.66066838046272491,0.26409597257926309,0.00027679555698087167,paired DeLong,0.0058483409172668992,0.025741986799221066,0.43955134448562422,0.0041519333547130749,0.066984524789370947,True,True,False,True,False
AdaBoost,Grade,Xijing,accuracy,92,73,0.89130434782608692,0.45652173913043476,0.43478260869565216,9.7770680440589786e-12,exact McNemar,,1.0265921446261927e-09,2.7864643925568089e-08,1.8576429283712059e-10,4.9863047024700791e-09,True,True,True,True,True
AdaBoost,Grade,Xijing,f1,92,73,0.9285714285714286,0.52830188679245282,0.40026954177897578,1.364242052659392e-12,exact paired swap,,1.4324541552923615e-10,3.9904080040287218e-09,2.5920599000528448e-11,7.13498593540862e-10,True,True,True,True,True
AdaBoost,Grade,Xijing,mcc,92,73,0.71446711393530837,0.10162376126865687,0.61284335266665146,1.6120793588925125e-10,exact paired swap,,1.6765625332482129e-08,4.3751833800342786e-07,2.9017428460065226e-09,7.7863433034508357e-08,True,True,True,True,True
AdaBoost,Grade,Xijing,roc_auc,92,73,0.92285508291276142,0.6553713049747657,0.26748377793799571,8.0369648250629109e-05,paired DeLong,0.0050236887415623524,0.0057062450257946672,0.14120947197635533,0.0013662840202606948,0.022021283620672377,True,True,False,True,True
AdaBoost,IDH,Xijing,accuracy,105,17,0.92380952380952386,0.73333333333333328,0.19047619047619058,8.999556303024292e-05,exact McNemar,,0.0026998668909072876,0.15695226192474365,0.0004499778151512146,0.024338677128872076,True,True,False,True,True
AdaBoost,IDH,Xijing,f1,105,17,0.80952380952380953,0.48148148148148145,0.32804232804232808,5.2753835916519124e-05,exact paired swap,,0.0015826150774955737,0.095800966024398734,0.00026376917958259561,0.015123367309570342,True,True,False,True,True
AdaBoost,IDH,Xijing,mcc,105,17,0.78624539310689645,0.37936450956127005,0.4068808835456264,4.86187636852264e-05,exact paired swap,,0.0014585629105567919,0.088853984520401399,0.00024309381842613199,0.014099441468715656,True,True,False,True,True
AdaBoost,IDH,Xijing,roc_auc,105,17,0.98195187165775411,0.82219251336898391,0.15975935828877019,0.0066594704412388413,paired DeLong,0.0041661817081911296,0.43952504912176354,1,0.1132109975010603,1,True,False,False,False,False
AdaBoost,1p/19q,Xijing,accuracy,59,5,0.88135593220338981,0.74576271186440679,0.13559322033898302,0.019287109375,exact McNemar,,1,1,0.135009765625,1,True,False,False,False,False
AdaBoost,1p/19q,Xijing,f1,59,5,0.46153846153846156,0.21052631578947367,0.25101214574898789,0.016357421874999993,exact paired swap,,1,1,0.17993164062499992,1,True,False,False,False,False
AdaBoost,1p/19q,Xijing,mcc,59,5,0.41277045446049859,0.11638287479252928,0.2963875796679693,0.016357421874999993,exact paired swap,,1,1,0.19628906249999992,1,True,False,False,False,False
AdaBoost,1p/19q,Xijing,roc_auc,59,5,0.94814814814814807,0.76666666666666672,0.18148148148148135,0.015924465400380151,paired DeLong,0.0071496234179672328,1,1,0.23886698100570228,1,True,False,False,False,False
Extra trees,Grade,Development OOF,accuracy,784,521,0.8392857142857143,0.63265306122448983,0.20663265306122447,3.7131120017931589e-23,exact McNemar,,3.6759808817752272e-21,1.3196400054372886e-19,5.5696680026897383e-22,2.3281212251243107e-20,True,True,True,True,True
Extra trees,Grade,Development OOF,f1,784,521,0.87272727272727268,0.67640449438202244,0.19632277834525025,9.173369379549898e-24,exact paired swap,,9.4485704609363946e-22,3.2794795531890883e-20,1.5594727945234825e-22,5.8067428172550853e-21,True,True,True,True,True
Extra trees,Grade,Development OOF,mcc,784,521,0.66306000754319727,0.30192228074691685,0.36113772679628042,1.1702363551681676e-20,exact paired swap,,1.0181056289963057e-18,4.0677415705645508e-17,1.6383308972354346e-19,7.0331204945606869e-18,True,True,True,True,True
Extra trees,Grade,Development OOF,roc_auc,784,521,0.91483911460119827,0.71952883822423974,0.19531027637695852,2.6897146284401304e-24,paired DeLong,0.00037375198289864851,2.124874556467703e-22,9.6560755161000676e-21,4.0345719426601957e-23,1.7241070768301235e-21,True,True,True,True,True
Extra trees,IDH,Development OOF,accuracy,1355,281,0.89446494464944648,0.75719557195571952,0.13726937269372697,3.0946364854289319e-27,exact McNemar,,2.6613873774688812e-25,1.1338748082611606e-23,5.5703456737720775e-26,2.0331761709268083e-24,True,True,True,True,True
Extra trees,IDH,Development OOF,f1,1355,281,0.77265500794912556,0.5560053981106613,0.21664960983846426,1.3996242389701053e-24,exact paired swap,,1.1916109639326886e-22,5.034448387575469e-21,2.5193236301461894e-23,8.9995838565777771e-22,True,True,True,True,True
Extra trees,IDH,Development OOF,mcc,1355,281,0.71178394409360823,0.42517622648811593,0.28660771760549231,1.0559977754074184e-23,exact paired swap,,8.9759810909630556e-22,3.7720240537552982e-20,1.9007959957333531e-22,6.6633459628208101e-21,True,True,True,True,True
Extra trees,IDH,Development OOF,roc_auc,1355,281,0.94594988634631572,0.83537611748411167,0.11057376886220405,3.8889734783725278e-17,paired DeLong,0.00017601014036416172,2.80006090442822e-15,1.284527939906446e-13,5.0556655218842862e-16,2.2594935909344385e-14,True,True,True,True,True
Extra trees,1p/19q,Development OOF,accuracy,571,90,0.79684763572679507,0.66900175131348516,0.12784588441330991,1.6772945564882841e-08,exact McNemar,,1.3586085907555102e-06,4.1328537871871318e-05,1.8450240121371125e-07,7.1620477562049729e-06,True,True,True,True,True
Extra trees,1p/19q,Development OOF,f1,571,90,0.546875,0.41121495327102803,0.13566004672897197,4.0497003081529588e-05,exact paired swap,,0.0020248501540764794,0.07483846169466668,0.00016198801232611835,0.011865621902888169,True,True,False,True,True
Extra trees,1p/19q,Development OOF,mcc,571,90,0.46396530023727411,0.28976415433889635,0.17420114589837776,0.00023626261607308946,exact paired swap,,0.0089361571245351601,0.38227291280625875,0.00047252523214617891,0.058120603553980008,True,True,False,True,False
Extra trees,1p/19q,Development OOF,roc_auc,571,90,0.85162855162855167,0.76221991221991214,0.089408639408639523,0.00073444932767872733,paired DeLong,0.00079012807502403404,0.028643523779470367,1,0.00099973576514295948,0.16378220007235619,True,True,False,True,False
Extra trees,Grade,UCSF,accuracy,495,396,0.87272727272727268,0.59191919191919196,0.28080808080808073,1.1507119424217619e-23,exact McNemar,,1.1161905841491091e-21,4.1080416344456899e-20,1.6109967193904666e-22,7.2494852372570997e-21,True,True,True,True,True
Extra trees,Grade,UCSF,f1,495,396,0.91520861372812923,0.67731629392971249,0.23789231979841674,3.2439930968818639e-24,exact paired swap,,3.1142333730065892e-22,1.1636203238515246e-20,4.2171910259464229e-23,2.0729115889075112e-21,True,True,True,True,True
Extra trees,Grade,UCSF,mcc,495,396,0.68838120352133136,0.2835379434598837,0.40484326006144766,3.5419805489111339e-19,exact paired swap,,3.4003013269546889e-17,1.2113573477276078e-15,4.9587727684755877e-18,2.1003944655043024e-16,True,True,True,True,True
Extra trees,Grade,UCSF,roc_auc,495,396,0.95464748495051532,0.78063462911947756,0.17401285583103776,3.6710006967519575e-10,paired DeLong,0.00079837614791477933,2.3861504528887723e-08,9.7979008596309748e-07,5.1394009754527405e-09,1.7327123288669239e-07,True,True,True,True,True
Extra trees,IDH,UCSF,accuracy,495,103,0.92525252525252522,0.73737373737373735,0.18787878787878787,1.5537673003507324e-17,exact McNemar,,1.2274761672770786e-15,5.1755988774682899e-14,2.3306509505260988e-16,9.1206140530588e-15,True,True,True,True,True
Extra trees,IDH,UCSF,f1,495,103,0.82790697674418601,0.48412698412698413,0.34377999261720188,2.8883796036455762e-16,exact paired swap,,2.2240522948070936e-14,9.3381312585861471e-13,4.6214073658329219e-15,1.6492647536816239e-13,True,True,True,True,True
Extra trees,IDH,UCSF,mcc,495,103,0.78138872056826103,0.32544314592531715,0.45594557464294388,8.4221209550041611e-17,exact paired swap,,7.1588028117535374e-15,2.759086824859363e-13,1.3475393528006658e-15,4.8595637910374009e-14,True,True,True,True,True
Extra trees,IDH,UCSF,roc_auc,495,103,0.95321478105805435,0.75282345948087981,0.20039132157717454,3.0692745869441714e-13,paired DeLong,0.00077519378986846185,2.5168051612942205e-11,9.1802002895500167e-10,4.2969844217218403e-12,1.6328540802542991e-10,True,True,True,True,True
Extra trees,1p/19q,UCSF,accuracy,404,15,0.84653465346534651,0.58415841584158412,0.26237623762376239,2.1651141601642097e-19,exact McNemar,,1.6671379033264414e-17,7.4263415693632392e-16,1.9486027441477888e-18,1.2860778111375405e-16,True,True,True,True,True
Extra trees,1p/19q,UCSF,f1,404,15,0.26190476190476192,0.10638297872340426,0.15552178318135768,5.9896591573522473e-15,exact paired swap,,5.9297625657787253e-13,1.8723674525883124e-11,8.9844887360283715e-14,3.3482194689599063e-12,True,True,True,True,True
Extra trees,1p/19q,UCSF,mcc,404,15,0.2935348174107989,0.094627719836089461,0.19890709757470942,1.1663058293940645e-11,exact paired swap,,1.1779688876880052e-09,3.313474861308537e-08,1.9827199099699097e-10,5.9248336133218472e-09,True,True,True,True,True
Extra trees,1p/19q,UCSF,roc_auc,404,15,0.92476435304198801,0.71808054841473856,0.20668380462724945,0.00043526059716765216,paired DeLong,0.0038538662951788415,0.038738193147921041,0.66507819247217248,0.0056583877631794779,0.10272150093156591,True,True,False,True,False
Extra trees,Grade,Xijing,accuracy,92,73,0.89130434782608692,0.51086956521739135,0.38043478260869557,2.7648638933897018e-10,exact McNemar,,2.8478098101913929e-08,7.4153649620711369e-07,4.7002686187624931e-09,1.3188400771468801e-07,True,True,True,True,True
Extra trees,Grade,Xijing,f1,92,73,0.9285714285714286,0.62184873949579833,0.30672268907563027,2.7648638933896858e-10,exact paired swap,,2.8478098101913764e-08,7.4153649620711369e-07,4.7002686187624658e-09,1.3188400771468801e-07,True,True,True,True,True
Extra trees,Grade,Xijing,mcc,92,73,0.71446711393530837,0.026851080677052733,0.6876160332582556,2.255546860396846e-10,exact paired swap,,2.3232132662087513e-08,6.0786987887694998e-07,3.8344296626746382e-09,1.0826624929904861e-07,True,True,True,True,True
Extra trees,Grade,Xijing,roc_auc,92,73,0.92285508291276142,0.60670511896178814,0.31614996395097328,1.1224410114457065e-05,paired DeLong,0.0055622871329954662,0.0010214213204155929,0.022381473768227387,0.00021326379217468422,0.0036254844669696318,True,True,True,True,True
Extra trees,IDH,Xijing,accuracy,105,17,0.92380952380952386,0.64761904761904765,0.27619047619047621,6.5425410866737366e-08,exact McNemar,,3.7946738302707672e-06,0.0001563667319715023,8.5053034126758575e-07,2.7086120098829269e-05,True,True,True,True,True
Extra trees,IDH,Xijing,f1,105,17,0.80952380952380953,0.43076923076923079,0.37875457875457874,5.4598785936832402e-08,exact paired swap,,3.3305259421467764e-06,0.0001315830741077661,7.0978421717882125e-07,2.2822292521595945e-05,True,True,True,True,True
Extra trees,IDH,Xijing,mcc,105,17,0.78624539310689645,0.32326144136112134,0.46298395174577511,5.4249539971351597e-08,exact paired swap,,3.3092219382524473e-06,0.00013079564087092871,7.0524401962757079e-07,2.273055724799632e-05,True,True,True,True,True
Extra trees,IDH,Xijing,roc_auc,105,17,0.98195187165775411,0.81082887700534756,0.17112299465240655,0.0087034279552343132,paired DeLong,0.0051783723496229665,0.50479882140359011,1,0.13055141932851469,1,True,False,False,False,False
Extra trees,1p/19q,Xijing,accuracy,59,5,0.88135593220338981,0.6271186440677966,0.25423728813559321,0.001299738883972168,exact McNemar,,0.11827623844146729,1,0.018196344375610352,0.26904594898223877,True,False,False,True,False
Extra trees,1p/19q,Xijing,f1,59,5,0.46153846153846156,0.21428571428571427,0.24725274725274729,0.024028301239013637,exact paired swap,,1,1,0.24028301239013639,1,True,False,False,False,False
Extra trees,1p/19q,Xijing,mcc,59,5,0.41277045446049859,0.13112775898018506,0.28164269548031351,0.083325386047363281,exact paired swap,,1,1,0.83325386047363281,1,False,False,False,False,False
Extra trees,1p/19q,Xijing,roc_auc,59,5,0.94814814814814807,0.79259259259259263,0.15555555555555545,0.056291228063996689,paired DeLong,0.0096113828713409403,1,1,0.49785030837531224,1,False,False,False,False,False
Gradient boosting,Grade,Development OOF,accuracy,784,521,0.8392857142857143,0.64923469387755106,0.19005102040816324,1.2870465916173124e-21,exact McNemar,,1.2226942620364469e-19,4.5136723968019148e-18,1.8018652282642372e-20,7.850984208865606e-19,True,True,True,True,True
Gradient boosting,Grade,Development OOF,f1,784,521,0.87272727272727268,0.7213779128672746,0.15134935985999809,5.0622276943295816e-19,exact paired swap,,4.6572494787832148e-17,1.7241947526886555e-15,7.0871187720614146e-18,2.9917765673487828e-16,True,True,True,True,True
Gradient boosting,Grade,Development OOF,mcc,784,521,0.66306000754319727,0.25486997131202477,0.4081900362311725,3.3855329646083261e-24,exact paired swap,,3.3178223053161597e-22,1.2137135678120849e-20,5.0782994469124889e-23,2.1599700314201122e-21,True,True,True,True,True
Gradient boosting,Grade,Development OOF,roc_auc,784,521,0.91483911460119827,0.70389642614743519,0.21094268845376307,2.5925964062615644e-26,paired DeLong,0.00039992914220308724,2.2555588734475612e-24,9.4396435151983562e-23,4.4074138906446592e-25,1.6929654532888016e-23,True,True,True,True,True
Gradient boosting,IDH,Development OOF,accuracy,1355,281,0.89446494464944648,0.76457564575645753,0.12988929889298895,9.9688688695294847e-25,exact McNemar,,7.6760290295377035e-23,3.5907865668045207e-21,1.6947077078200123e-23,6.4398892897160467e-22,True,True,True,True,True
Gradient boosting,IDH,Development OOF,f1,1355,281,0.77265500794912556,0.56241426611796985,0.21024074183115571,5.744970692542382e-23,exact paired swap,,4.5385268471084821e-21,2.0383156017140372e-19,9.7664501773220502e-22,3.5963516535315314e-20,True,True,True,True,True
Gradient boosting,IDH,Development OOF,mcc,1355,281,0.71178394409360823,0.43373318668205868,0.27805075741154955,2.6270956427406099e-22,exact paired swap,,2.1016765141924878e-20,9.2762747145170936e-19,4.4660625926590371e-21,1.6261722028564376e-19,True,True,True,True,True
Gradient boosting,IDH,Development OOF,roc_auc,1355,281,0.94594988634631572,0.83451625943524388,0.11143362691107184,2.0107846156255222e-17,paired DeLong,0.00017547138658465655,1.5080884617191416e-15,6.6697725700298566e-14,2.8150984618757314e-16,1.1722874309096795e-14,True,True,True,True,True
Gradient boosting,1p/19q,Development OOF,accuracy,571,90,0.79684763572679507,0.71278458844133097,0.084063047285464099,0.00010062970241782408,exact McNemar,,0.0035220395846238426,0.17368686637316436,0.00030188910725347223,0.026666871140723379,True,True,False,True,True
Gradient boosting,1p/19q,Development OOF,f1,571,90,0.546875,0.3925925925925926,0.1542824074074074,3.0688428992525058e-05,exact paired swap,,0.0016571751655963531,0.057694246505947108,0.00015344214496262529,0.009307861328125,True,True,False,True,True
Gradient boosting,1p/19q,Development OOF,mcc,571,90,0.46396530023727411,0.25477660877718655,0.20918869146008756,3.6371415053993e-05,exact paired swap,,0.0020731706580776011,0.067647367359429444,0.000218228490323958,0.010729567440927935,True,True,False,True,True
Gradient boosting,1p/19q,Development OOF,roc_auc,571,90,0.85162855162855167,0.74197274197274199,0.10965580965580968,9.9505108434130127e-05,paired DeLong,0.00086878929946457284,0.0055722860723112872,0.17184532226574273,0.00039802043373652051,0.026468358843478614,True,True,False,True,True
Gradient boosting,Grade,UCSF,accuracy,495,396,0.87272727272727268,0.68686868686868685,0.18585858585858583,5.5572037466620202e-13,exact McNemar,,4.4457629973296163e-11,1.6443765886372919e-09,5.5572037466620204e-12,2.9342035782375466e-10,True,True,True,True,True
Gradient boosting,Grade,UCSF,f1,495,396,0.91520861372812923,0.78321678321678323,0.131991830511346,3.0609267810291306e-12,exact paired swap,,2.3569136213924307e-10,8.8583221042983042e-09,2.7548341029262176e-11,1.5886209993541187e-09,True,True,True,True,True
Gradient boosting,Grade,UCSF,mcc,495,396,0.68838120352133136,0.26166161288584583,0.42671959063548554,8.4263513027168929e-15,exact paired swap,,7.4994526594180345e-13,2.6197526200146819e-11,1.0954256693531961e-13,4.6766249730078756e-12,True,True,True,True,True
Gradient boosting,Grade,UCSF,roc_auc,495,396,0.95464748495051532,0.70296398326701348,0.25168350168350184,9.3629979764793497e-16,paired DeLong,0.0010023732011196663,8.7075881181257955e-14,2.9877326542945603e-12,1.7789696155310765e-14,5.299456854687312e-13,True,True,True,True,True
Gradient boosting,IDH,UCSF,accuracy,495,103,0.92525252525252522,0.75151515151515147,0.17373737373737375,1.226070973253022e-15,exact McNemar,,8.0920684234699448e-14,3.9001317659178631e-12,1.4712851679036263e-14,6.9273009988795739e-13,True,True,True,True,True
Gradient boosting,IDH,UCSF,f1,495,103,0.82790697674418601,0.4434389140271493,0.38446806271703671,4.5925807950598921e-16,exact paired swap,,3.4444355962949192e-14,1.4769739836912614e-12,6.4296131130838492e-15,2.6131784723890788e-13,True,True,True,True,True
Gradient boosting,IDH,UCSF,mcc,495,103,0.78138872056826103,0.28552749574970782,0.49586122481855321,2.4926940554003368e-16,exact paired swap,,1.894447482104256e-14,8.0638652692200896e-13,3.4897716775604717e-15,1.4283136937443929e-13,True,True,True,True,True
Gradient boosting,IDH,UCSF,roc_auc,495,103,0.95321478105805435,0.75346740638002774,0.19974737467802661,2.0520741844066892e-13,paired DeLong,0.00075864187280995485,1.7237423149016189e-11,6.1726391466953211e-10,3.078111276610034e-12,1.095807614473172e-10,True,True,True,True,True
Gradient boosting,1p/19q,UCSF,accuracy,404,15,0.84653465346534651,0.84653465346534651,0,0.5428941814587751,exact McNemar,,1,1,1,1,False,False,False,False,False
Gradient boosting,1p/19q,UCSF,f1,404,15,0.26190476190476192,0.16216216216216217,0.099742599742599747,0.063469093876472524,exact paired swap,,1,1,0.12693818775294505,1,False,False,False,False,False
Gradient boosting,1p/19q,UCSF,mcc,404,15,0.2935348174107989,0.14121558721282146,0.15231923019797744,0.050782588100257403,exact paired swap,,1,1,0.23186166808231071,1,False,False,False,False,False
Gradient boosting,1p/19q,UCSF,roc_auc,404,15,0.92476435304198801,0.60856898029134532,0.31619537275064269,9.0581263399480984e-05,paired DeLong,0.0071327180917669141,0.008695801286350174,0.15763183088060589,0.0015398814777911767,0.024366359854460385,True,True,False,True,True
Gradient boosting,Grade,Xijing,accuracy,92,73,0.89130434782608692,0.70652173913043481,0.18478260869565211,0.00075685977935791016,exact McNemar,,0.04692530632019043,1,0.0090823173522949219,0.1669595250890186,True,True,False,True,False
Gradient boosting,Grade,Xijing,f1,92,73,0.9285714285714286,0.8029197080291971,0.1256517205422315,0.00076004117727279511,exact paired swap,,0.045602470636367708,1,0.0083604529500007456,0.1669595250890186,True,True,False,True,False
Gradient boosting,Grade,Xijing,mcc,92,73,0.71446711393530837,0.24610729802738918,0.4683598159079192,0.00017283856868743788,exact paired swap,,0.010715991258621148,0.28708486258983434,0.0022469013929366927,0.044246673583984097,True,True,False,True,True
Gradient boosting,Grade,Xijing,roc_auc,92,73,0.92285508291276142,0.66762797404470076,0.25522710886806066,0.0001110128817522735,paired DeLong,0.0047775284408424872,0.0077709017226591454,0.1910531694956627,0.0017762061080363761,0.029085375019095659,True,True,False,True,True
Gradient boosting,IDH,Xijing,accuracy,105,17,0.92380952380952386,0.68571428571428572,0.23809523809523814,8.1211328506469727e-07,exact McNemar,,3.8169324398040771e-05,0.0018020793795585632,8.9332461357116699e-06,0.00030779093503952026,True,True,True,True,True
Gradient boosting,IDH,Xijing,f1,105,17,0.80952380952380953,0.45901639344262296,0.35050741608118657,6.6123902797698975e-07,exact paired swap,,3.1078234314918518e-05,0.0014791917055845261,7.2736293077468872e-06,0.00025193206965923309,True,True,True,True,True
Gradient boosting,IDH,Xijing,mcc,105,17,0.78624539310689645,0.36031317706334598,0.42593221604355047,6.5565109252929688e-07,exact paired swap,,3.0815601348876953e-05,0.001468658447265625,7.2121620178222656e-06,0.00025045871734619141,True,True,True,True,True
Gradient boosting,IDH,Xijing,roc_auc,105,17,0.98195187165775411,0.8529411764705882,0.1290106951871659,0.010441200346964781,paired DeLong,0.003118806218718189,0.58720317560503432,1,0.14617680485750695,1,True,False,False,False,False
Gradient boosting,1p/19q,Xijing,accuracy,59,5,0.88135593220338981,0.79661016949152541,0.084745762711864403,0.15087890624999997,exact McNemar,,1,1,0.4375,1,False,False,False,False,False
Gradient boosting,1p/19q,Xijing,f1,59,5,0.46153846153846156,0.33333333333333331,0.12820512820512825,0.28338623046875017,exact paired swap,,1,1,1,1,False,False,False,False,False
Gradient boosting,1p/19q,Xijing,mcc,59,5,0.41277045446049859,0.27873117693472471,0.13403927752577388,0.30520629882812522,exact paired swap,,1,1,1,1,False,False,False,False,False
Gradient boosting,1p/19q,Xijing,roc_auc,59,5,0.94814814814814807,0.8925925925925926,0.055555555555555469,0.14489328149724123,paired DeLong,0.0027542252245257117,1,1,0.49785030837531224,1,False,False,False,False,False
Hist. gradient boosting,Grade,Development OOF,accuracy,784,521,0.8392857142857143,0.62627551020408168,0.21301020408163263,1.0970640145518966e-24,exact McNemar,,1.1190052948429346e-22,3.9505275164013795e-21,1.8650088247382241e-23,7.0760628938597332e-22,True,True,True,True,True
Hist. gradient boosting,Grade,Development OOF,f1,784,521,0.87272727272727268,0.69383490073145249,0.1788923719958202,7.710428649478496e-23,exact paired swap,,7.7875329359732811e-21,2.7310338276452832e-19,1.2336685839165594e-21,4.8035970486251027e-20,True,True,True,True,True
Hist. gradient boosting,Grade,Development OOF,mcc,784,521,0.66306000754319727,0.22978308200184769,0.43327692554134956,1.0974814999838334e-25,exact paired swap,,1.0974814999838333e-23,3.9805654004413637e-22,1.8657185499725169e-24,7.122654934895078e-23,True,True,True,True,True
Hist. gradient boosting,Grade,Development OOF,roc_auc,784,521,0.91483911460119827,0.70665508710216529,0.20818402749903298,5.13079697867392e-26,paired DeLong,0.00039433309697925305,4.4124854016595712e-24,1.8655577814458373e-22,8.209275165878272e-25,3.3350180361380478e-23,True,True,True,True,True
Hist. gradient boosting,IDH,Development OOF,accuracy,1355,281,0.89446494464944648,0.76605166051660512,0.12841328413284137,1.0523033068245037e-23,exact McNemar,,7.8922748011837772e-22,3.7598797152839517e-20,1.6836852909192059e-22,6.650556899130863e-21,True,True,True,True,True
Hist. gradient boosting,IDH,Development OOF,f1,1355,281,0.77265500794912556,0.57563587684069617,0.19701913110842939,1.0611811597603154e-20,exact paired swap,,7.8527405822263336e-19,3.6918492548061373e-17,1.37953550768841e-19,6.3883105817570986e-18,True,True,True,True,True
Hist. gradient boosting,IDH,Development OOF,mcc,1355,281,0.71178394409360823,0.45357421933233638,0.25820972476127185,7.9017134706886643e-20,exact paired swap,,5.7682508336027247e-18,2.7173992625698316e-16,1.0272227511895264e-18,4.709421228530444e-17,True,True,True,True,True
Hist. gradient boosting,IDH,Development OOF,roc_auc,1355,281,0.94594988634631572,0.83563291516729954,0.11031697117901618,1.7962329139337375e-17,paired DeLong,0.00017143299877701672,1.3651370145896405e-15,5.9688819730018092e-14,2.6943493709006061e-16,1.0490000217373027e-14,True,True,True,True,True
Hist. gradient boosting,1p/19q,Development OOF,accuracy,571,90,0.79684763572679507,0.63222416812609461,0.16462346760070046,3.6312787679413948e-12,exact McNemar,,3.413402041864911e-10,1.0483501803046807e-08,5.8100460287062316e-11,1.8737398442577599e-09,True,True,True,True,True
Hist. gradient boosting,1p/19q,Development OOF,f1,571,90,0.546875,0.36746987951807231,0.17940512048192769,1.2346960478983355e-07,exact paired swap,,1.0371446802346018e-05,0.00028978316244173937,1.7285744670576697e-06,4.9881720335092755e-05,True,True,True,True,True
Hist. gradient boosting,1p/19q,Development OOF,mcc,571,90,0.46396530023727411,0.22230250922551623,0.24166279101175789,1.1037357128650797e-06,exact paired swap,,8.8298857029206379e-05,0.0024238036254517151,1.5452299980111115e-05,0.00040838221376007951,True,True,True,True,True
Hist. gradient boosting,1p/19q,Development OOF,roc_auc,571,90,0.85162855162855167,0.74917994917994912,0.10244860244860254,0.00019673012926268348,paired DeLong,0.00083544684675807153,0.010208518015482294,0.32322760237858894,0.00059019038778805046,0.049379262444933555,True,True,False,True,True
Hist. gradient boosting,Grade,UCSF,accuracy,495,396,0.87272727272727268,0.55151515151515151,0.32121212121212117,2.2430460046373814e-29,exact McNemar,,2.3103373847765028e-27,8.2925410791443994e-26,3.8131782078835485e-28,1.4961116850931333e-26,True,True,True,True,True
Hist. gradient boosting,Grade,UCSF,f1,495,396,0.91520861372812923,0.6384364820846905,0.27677213164343872,5.8375402370420591e-30,exact paired swap,,6.0126664441533206e-28,2.1645599198951955e-26,9.9238184029715004e-29,3.8994768783440952e-27,True,True,True,True,True
Hist. gradient boosting,Grade,UCSF,mcc,495,396,0.68838120352133136,0.21974835286849032,0.46863285065284105,4.6687919257376584e-24,exact paired swap,,4.7621677642524112e-22,1.6732950261843769e-20,8.4038254663277846e-23,2.9740204566948883e-21,True,True,True,True,True
Hist. gradient boosting,Grade,UCSF,roc_auc,495,396,0.95464748495051532,0.71056524844403635,0.24408223650647898,1.8798334041670834e-15,paired DeLong,0.00096367345270512812,1.7294467318337167e-13,5.9496727241888189e-12,3.3837001275007502e-14,1.0583462065460679e-12,True,True,True,True,True
Hist. gradient boosting,IDH,UCSF,accuracy,495,103,0.92525252525252522,0.73333333333333328,0.19191919191919193,2.5813504245962688e-18,exact McNemar,,2.1167073481689403e-16,8.6991509308894265e-15,4.1301606793540301e-17,1.5229967505117986e-15,True,True,True,True,True
Hist. gradient boosting,IDH,UCSF,f1,495,103,0.82790697674418601,0.49618320610687022,0.33172377063731578,4.8042746590311838e-17,exact paired swap,,4.0355907135861945e-15,1.5844497825484845e-13,8.1672669203530123e-16,2.7864793022380867e-14,True,True,True,True,True
Hist. gradient boosting,IDH,UCSF,mcc,495,103,0.78138872056826103,0.34015139999689908,0.44123732057136195,4.8042746590355522e-17,exact paired swap,,4.2277616999512858e-15,1.5844497825484845e-13,8.1672669203604385e-16,2.7864793022380867e-14,True,True,True,True,True
Hist. gradient boosting,IDH,UCSF,roc_auc,495,103,0.95321478105805435,0.75369031107588669,0.19952446998216766,4.1648364792502253e-13,paired DeLong,0.00077749574607205831,3.3318691834001804e-11,1.2377894016331669e-09,5.4142874230252926e-12,2.2073633340026195e-10,True,True,True,True,True
Hist. gradient boosting,1p/19q,UCSF,accuracy,404,15,0.84653465346534651,0.62376237623762376,0.22277227722772275,2.7984665361329293e-16,exact McNemar,,2.014895906015709e-14,9.0502407778538929e-13,1.6790799216797575e-15,1.6007228586680355e-13,True,True,True,True,True
Hist. gradient boosting,1p/19q,UCSF,f1,404,15,0.26190476190476192,0.10588235294117647,0.15602240896358543,3.4224385753792006e-12,exact paired swap,,3.1828678751026568e-10,9.8840026056951321e-09,4.1069262904550409e-11,1.7708614355754517e-09,True,True,True,True,True
Hist. gradient boosting,1p/19q,UCSF,mcc,404,15,0.2935348174107989,0.087360827451363074,0.20617398995943581,3.3971986202898907e-09,exact paired swap,,3.3292546478840928e-07,8.7036228651826993e-06,5.0957979304348363e-08,1.5321365777507407e-06,True,True,True,True,True
Hist. gradient boosting,1p/19q,UCSF,roc_auc,404,15,0.92476435304198801,0.65861182519280204,0.26615252784918597,0.00032501387778476076,paired DeLong,0.0060924936528345859,0.029901276756197991,0.50962176036650486,0.004550194288986651,0.077678316790557825,True,True,False,True,False
Hist. gradient boosting,Grade,Xijing,accuracy,92,73,0.89130434782608692,0.59782608695652173,0.29347826086956519,1.7327256500720978e-06,exact McNemar,,0.00016807438805699348,0.0037478855811059475,2.5990884751081467e-05,0.0006237812340259552,True,True,True,True,True
Hist. gradient boosting,Grade,Xijing,f1,92,73,0.9285714285714286,0.69918699186991873,0.22938443670150988,1.1374359019100641e-06,exact paired swap,,0.00010919384658336615,0.0024943969328887704,1.7061538528650962e-05,0.00041971384780481366,True,True,True,True,True
Hist. gradient boosting,Grade,Xijing,mcc,92,73,0.71446711393530837,0.17929721698262782,0.53516989695268058,4.3143518269061729e-06,exact paired swap,,0.00040123471990227407,0.0090126809664069947,6.4715277403592589e-05,0.0014884513802826296,True,True,True,True,True
Hist. gradient boosting,Grade,Xijing,roc_auc,92,73,0.92285508291276142,0.67411679884643116,0.24873828406633025,0.00022515436564439628,paired DeLong,0.0050256669185449092,0.014409879401241362,0.36655130726907714,0.0033773154846659442,0.055838282679810274,True,True,False,True,False
Hist. gradient boosting,IDH,Xijing,accuracy,105,17,0.92380952380952386,0.61904761904761907,0.30476190476190479,9.7061274573206902e-09,exact McNemar,,7.5707794167101383e-07,2.4372086045332253e-05,1.5529803931713104e-07,4.2512838263064623e-06,True,True,True,True,True
Hist. gradient boosting,IDH,Xijing,f1,105,17,0.80952380952380953,0.41176470588235292,0.39775910364145661,8.2218321040272944e-09,exact paired swap,,6.0841557569801977e-07,2.0702573237940727e-05,1.3154931366443671e-07,3.6093842936679823e-06,True,True,True,True,True
Hist. gradient boosting,IDH,Xijing,mcc,105,17,0.78624539310689645,0.29707735421632592,0.48916803889057053,8.1781763583421955e-09,exact paired swap,,6.0518505051732243e-07,2.0600826246663989e-05,1.3085082173347513e-07,3.5983975976705661e-06,True,True,True,True,True
Hist. gradient boosting,IDH,Xijing,roc_auc,105,17,0.98195187165775411,0.85695187165775399,0.12500000000000011,0.010739915934128375,paired DeLong,0.0029551189304615625,0.5906953763770606,1,0.14617680485750695,1,True,False,False,False,False
Hist. gradient boosting,1p/19q,Xijing,accuracy,59,5,0.88135593220338981,0.71186440677966101,0.16949152542372881,0.0106353759765625,exact McNemar,,0.829559326171875,1,0.0850830078125,1,True,False,False,False,False
Hist. gradient boosting,1p/19q,Xijing,f1,59,5,0.46153846153846156,0.32000000000000001,0.14153846153846156,0.22882080078125014,exact paired swap,,1,1,1,1,False,False,False,False,False
Hist. gradient boosting,1p/19q,Xijing,mcc,59,5,0.41277045446049859,0.29635327087547814,0.11641718358502046,0.31312561035156272,exact paired swap,,1,1,1,1,False,False,False,False,False
Hist. gradient boosting,1p/19q,Xijing,roc_auc,59,5,0.94814814814814807,0.82222222222222219,0.12592592592592589,0.046353420623058375,paired DeLong,0.0056097781918886033,1,1,0.49785030837531224,1,True,False,False,False,False
MLP (joint),Grade,Development OOF,accuracy,784,521,0.8392857142857143,0.63137755102040816,0.20790816326530615,1.5854841466148815e-23,exact McNemar,,1.5854841466148816e-21,5.6474945302422078e-20,2.5367746345838104e-22,9.956840440741456e-21,True,True,True,True,True
MLP (joint),Grade,Development OOF,f1,784,521,0.87272727272727268,0.71071071071071068,0.162016562016562,2.6678140197079536e-20,exact paired swap,,2.5877795991167148e-18,9.2306365081895192e-17,4.0017210295619304e-19,1.5980205978050643e-17,True,True,True,True,True
MLP (joint),Grade,Development OOF,mcc,784,521,0.66306000754319727,0.20683752807408015,0.45622247946911709,1.2712235581562458e-26,exact paired swap,,1.2966480293193707e-24,4.6386947637121413e-23,2.2882024046812424e-25,8.3265143059234098e-24,True,True,True,True,True
MLP (joint),Grade,Development OOF,roc_auc,784,521,0.91483911460119827,0.65118994621340942,0.26364916838778885,1.4998548636665384e-36,paired DeLong,0.0004397695520960682,1.5598490582131998e-34,5.6139567547038535e-33,2.8497242409664228e-35,1.0109021781112468e-33,True,True,True,True,True
MLP (joint),IDH,Development OOF,accuracy,1355,281,0.89446494464944648,0.78007380073800736,0.11439114391143912,3.8518216250272871e-19,exact McNemar,,2.5807204887682824e-17,1.3161674492718239e-15,5.0073681125354734e-18,2.2802784020161542e-16,True,True,True,True,True
MLP (joint),IDH,Development OOF,f1,1355,281,0.77265500794912556,0.5329153605015674,0.23973964744755816,5.2029218456312655e-22,exact paired swap,,3.9542206026797616e-20,1.8303879052930791e-18,7.8043827684468984e-21,3.1945940132175972e-19,True,True,True,True,True
MLP (joint),IDH,Development OOF,mcc,1355,281,0.71178394409360823,0.39655086629775571,0.31523307779585252,5.3195764775635387e-22,exact paired swap,,4.0960738877239246e-20,1.8708950471590967e-18,7.9793647163453084e-21,3.2609003807464494e-19,True,True,True,True,True
MLP (joint),IDH,Development OOF,roc_auc,1355,281,0.94594988634631572,0.79228877976367984,0.15366110658263588,3.2991372227355726e-22,paired DeLong,0.00025515208964586514,3.0681976171440823e-20,1.1629458710142893e-18,5.6085332786504735e-21,2.0355676664278482e-19,True,True,True,True,True
MLP (joint),1p/19q,Development OOF,accuracy,571,90,0.79684763572679507,0.62697022767075306,0.16987740805604201,1.4228993668380717e-12,exact McNemar,,1.351754398496168e-10,4.1577119499008458e-09,2.4189289236247219e-11,7.4275346948947343e-10,True,True,True,True,True
MLP (joint),1p/19q,Development OOF,f1,571,90,0.546875,0.3861671469740634,0.1607078530259366,1.6101081032621633e-07,exact paired swap,,1.3202886446749739e-05,0.00037515518806008406,2.0931405342408121e-06,6.3921291699507878e-05,True,True,True,True,True
MLP (joint),1p/19q,Development OOF,mcc,571,90,0.46396530023727411,0.25593379018139506,0.20803151005587905,2.9972659831225945e-06,exact paired swap,,0.00023378674668356238,0.0063841765440511263,3.8964457780593728e-05,0.0010520403600760306,True,True,True,True,True
MLP (joint),1p/19q,Development OOF,roc_auc,571,90,0.85162855162855167,0.72430122430122423,0.12732732732732743,4.137956398849123e-06,paired DeLong,0.00081579095041444598,0.00029379490431828773,0.0086878669176355845,3.3103651190792984e-05,0.0014317329140017966,True,True,True,True,True
MLP (joint),Grade,UCSF,accuracy,495,396,0.87272727272727268,0.68484848484848482,0.18787878787878787,6.9576217234449517e-13,exact McNemar,,5.4965211615215122e-11,2.0531941705886054e-09,6.2618595511004567e-12,3.6666666482554897e-10,True,True,True,True,True
MLP (joint),Grade,UCSF,f1,495,396,0.91520861372812923,0.78028169014084503,0.1349269235872842,2.4860361440275694e-12,exact paired swap,,1.939108192341504e-10,7.2194489622560613e-09,2.4860361440275693e-11,1.2927387948943361e-09,True,True,True,True,True
MLP (joint),Grade,UCSF,mcc,495,396,0.68838120352133136,0.27055502418939081,0.41782617933194055,9.684518547542693e-14,exact paired swap,,8.1349955799358621e-12,2.938282927324453e-10,9.6845185475426928e-13,5.2102709785779686e-11,True,True,True,True,True
MLP (joint),Grade,UCSF,roc_auc,495,396,0.95464748495051532,0.72337006427915518,0.23127742067136015,5.4472097835391672e-14,paired DeLong,0.0009690319742197695,4.7390725116790751e-12,1.6657567518062773e-10,8.7155356536626675e-13,2.9632821222453067e-11,True,True,True,True,True
MLP (joint),IDH,UCSF,accuracy,495,103,0.92525252525252522,0.73535353535353531,0.1898989898989899,1.1655325826956963e-16,exact McNemar,,8.5083878536785828e-15,3.7996362195879697e-13,1.5151923575044052e-15,6.7134676763272104e-14,True,True,True,True,True
MLP (joint),IDH,UCSF,f1,495,103,0.82790697674418601,0.46090534979423869,0.36700162694994731,3.4054839627989677e-16,exact paired swap,,2.5881678117272154e-14,1.0999713199840666e-12,5.1082259441984516e-15,1.9411258587954116e-13,True,True,True,True,True
MLP (joint),IDH,UCSF,mcc,495,103,0.78138872056826103,0.29690109596973391,0.48448762459852712,1.2010134724436575e-16,exact paired swap,,9.6081077795492601e-15,3.9129018932214363e-13,1.8015202086654865e-15,6.9058274665510303e-14,True,True,True,True,True
MLP (joint),IDH,UCSF,roc_auc,495,103,0.95321478105805435,0.74148008718050318,0.21173469387755117,1.3583165659732609e-14,paired DeLong,0.00077389715427027077,1.1953185780564697e-12,4.1985565054233497e-11,2.3091381621545434e-13,7.4843242785126683e-12,True,True,True,True,True
MLP (joint),1p/19q,UCSF,accuracy,404,15,0.84653465346534651,0.52722772277227725,0.31930693069306926,6.1910178633033652e-28,exact McNemar,,5.8814669701381968e-26,2.2782945736956382e-24,8.6674250086247113e-27,4.086071789780221e-25,True,True,True,True,True
MLP (joint),1p/19q,UCSF,f1,404,15,0.26190476190476192,0.12785388127853881,0.13405088062622311,4.0882548217926118e-09,exact paired swap,,3.2706038574340893e-07,1.0429138050392953e-05,4.0882548217926117e-08,1.8356264149848826e-06,True,True,True,True,True
MLP (joint),1p/19q,UCSF,mcc,404,15,0.2935348174107989,0.1682496526860604,0.1252851647247385,0.021109255876287553,exact paired swap,,1,1,0.14776479113401286,1,True,False,False,False,False
MLP (joint),1p/19q,UCSF,roc_auc,404,15,0.92476435304198801,0.78988860325621257,0.13487574978577543,0.0080424938975678893,paired DeLong,0.0031399466203828638,0.51471960944434492,1,0.0804249389756789,1,True,False,False,False,False
MLP (joint),Grade,Xijing,accuracy,92,73,0.89130434782608692,0.77173913043478259,0.11956521739130432,0.00960540771484375,exact McNemar,,0.4034271240234375,1,0.08644866943359375,1,True,False,False,False,False
MLP (joint),Grade,Xijing,f1,92,73,0.9285714285714286,0.85906040268456374,0.069511025886864863,0.00960540771484375,exact paired swap,,0.39382171630859375,1,0.08644866943359375,1,True,False,False,False,False
MLP (joint),Grade,Xijing,mcc,92,73,0.71446711393530837,0.26180256609660785,0.45266454783870053,0.00076484680175781163,exact paired swap,,0.040536880493164014,1,0.0084133148193359271,0.1669595250890186,True,True,False,True,False
MLP (joint),Grade,Xijing,roc_auc,92,73,0.92285508291276142,0.63302090843547232,0.2898341744772891,0.00034477470823066173,paired DeLong,0.0072937695626542369,0.019652158369147719,0.53853809425629362,0.0044820712069986021,0.082056380558897496,True,True,False,True,False
MLP (joint),IDH,Xijing,accuracy,105,17,0.92380952380952386,0.76190476190476186,0.161904761904762,0.000244140625,exact McNemar,,0.006103515625,0.3935546875,0.0009765625,0.059814453125,True,True,False,True,False
MLP (joint),IDH,Xijing,f1,105,17,0.80952380952380953,0.54545454545454541,0.26406926406926412,0.00019145011901855466,exact paired swap,,0.0044033527374267569,0.31512689590454096,0.00076580047607421864,0.048588802675324151,True,True,False,True,True
MLP (joint),IDH,Xijing,mcc,105,17,0.78624539310689645,0.47601508693469313,0.31023030617220332,0.00018644332885742185,exact paired swap,,0.0042881965637207023,0.30833817137182895,0.00074577331542968739,0.047543048858642571,True,True,False,True,True
MLP (joint),IDH,Xijing,roc_auc,105,17,0.98195187165775411,0.87700534759358284,0.10494652406417126,0.012994104371512079,paired DeLong,0.0022219508235208655,0.6706244581979971,1,0.15592925245814496,1,True,False,False,False,False
MLP (joint),1p/19q,Xijing,accuracy,59,5,0.88135593220338981,0.47457627118644069,0.40677966101694912,1.516193151473999e-06,exact McNemar,,0.0001561678946018219,0.0033007524907588959,2.7291476726531982e-05,0.00055037811398506165,True,True,True,True,True
MLP (joint),1p/19q,Xijing,f1,59,5,0.46153846153846156,0.24390243902439024,0.21763602251407133,0.0095732212066650304,exact paired swap,,0.9286024570465079,1,0.11487865447998036,1,True,False,False,False,False
MLP (joint),1p/19q,Xijing,mcc,59,5,0.41277045446049859,0.24322084326969809,0.1695496111908005,0.2114713825285435,exact paired swap,,1,1,1,1,False,False,False,False,False
MLP (joint),1p/19q,Xijing,roc_auc,59,5,0.94814814814814807,0.82962962962962972,0.11851851851851836,0.10622853157364337,paired DeLong,0.0090355100033646489,1,1,0.49785030837531224,1,False,False,False,False,False
Random forest,Grade,Development OOF,accuracy,784,521,0.8392857142857143,0.61734693877551017,0.22193877551020413,2.6352982096385664e-26,exact McNemar,,2.7143571559277232e-24,9.5898501848747428e-23,4.7435367773494198e-25,1.7155791344747068e-23,True,True,True,True,True
Random forest,Grade,Development OOF,f1,784,521,0.87272727272727268,0.66887417218543044,0.20385310054184225,2.630778765757884e-26,exact paired swap,,2.7360099163881992e-24,9.5760347073586978e-23,4.7354017783641909e-25,1.7152677552741403e-23,True,True,True,True,True
Random forest,Grade,Development OOF,mcc,784,521,0.66306000754319727,0.25480072477758875,0.40825928276560852,1.9544650831972676e-24,exact paired swap,,1.9349204323652949e-22,7.0243475090109791e-21,3.1271441331156281e-23,1.2547665834126457e-21,True,True,True,True,True
Random forest,Grade,Development OOF,roc_auc,784,521,0.91483911460119827,0.71717156973646756,0.1976675448647307,2.8156083429896364e-24,paired DeLong,0.00038316850644579115,2.1961745075319163e-22,1.0102402734646816e-20,4.0345719426601957e-23,1.8019893395133673e-21,True,True,True,True,True
Random forest,IDH,Development OOF,accuracy,1355,281,0.89446494464944648,0.77564575645756462,0.11881918819188186,5.3661189538899734e-22,exact McNemar,,3.8636056468007809e-20,1.8867274241877147e-18,8.04917843083496e-21,3.2840647997806636e-19,True,True,True,True,True
Random forest,IDH,Development OOF,f1,1355,281,0.77265500794912556,0.56321839080459768,0.20943661714452788,2.2426437051412605e-21,exact paired swap,,1.6819827788559454e-19,7.8470103242892701e-18,3.1397011871977646e-20,1.3590420853156038e-18,True,True,True,True,True
Random forest,IDH,Development OOF,mcc,1355,281,0.71178394409360823,0.43415115941318949,0.27763278468041874,5.700199811951665e-21,exact paired swap,,4.2751498589637489e-19,1.9882296944087407e-17,7.9802797367323313e-20,3.4372204866068541e-18,True,True,True,True,True
Random forest,IDH,Development OOF,roc_auc,1355,281,0.94594988634631572,0.83298541389159497,0.11296447245472074,1.6545478413730576e-17,paired DeLong,0.00017935063382233074,1.2740018378572543e-15,5.5063352160895354e-14,2.6472765461968921e-16,9.6956503504461178e-15,True,True,True,True,True
Random forest,1p/19q,Development OOF,accuracy,571,90,0.79684763572679507,0.69877408056042034,0.098073555166374726,4.9488616272208655e-06,exact McNemar,,0.00025239194298826416,0.01028868332299218,2.9693169763325191e-05,0.001692510676509536,True,True,True,True,True
Random forest,1p/19q,Development OOF,f1,571,90,0.546875,0.38571428571428573,0.16116071428571427,6.3782621905505281e-06,exact paired swap,,0.00042734356676688538,0.013081815752819134,5.7404359714954751e-05,0.0021367178338344271,True,True,True,True,True
Random forest,1p/19q,Development OOF,mcc,571,90,0.46396530023727411,0.24533751488927685,0.21862778534799726,9.9150198237441332e-06,exact paired swap,,0.0006742213480146011,0.01990935980607822,9.9150198237441325e-05,0.0032521265021880756,True,True,True,True,True
Random forest,1p/19q,Development OOF,roc_auc,571,90,0.85162855162855167,0.7585239085239085,0.09310464310464317,0.00049986788257147974,paired DeLong,0.00080055690397598327,0.021494318950573629,0.75230116327007701,0.00099973576514295948,0.11376953124999999,True,True,False,True,False
Random forest,Grade,UCSF,accuracy,495,396,0.87272727272727268,0.56767676767676767,0.30505050505050502,1.9585783272828679e-28,exact McNemar,,1.9977498938285253e-26,7.2193197143646511e-25,3.1337253236525886e-27,1.2965788526612586e-25,True,True,True,True,True
Random forest,Grade,UCSF,f1,495,396,0.91520861372812923,0.65483870967741931,0.26036990405070992,3.8931243332551822e-29,exact paired swap,,3.9320555765877337e-27,1.4385094411377898e-25,6.2289989332082915e-28,2.5928208059479515e-26,True,True,True,True,True
Random forest,Grade,UCSF,mcc,495,396,0.68838120352133136,0.24149509327065166,0.4468861102506797,6.7898481673291612e-23,exact paired swap,,6.8577466490024533e-21,2.4076801601349203e-19,1.1542741884459574e-21,4.2436551045807257e-20,True,True,True,True,True
Random forest,Grade,UCSF,roc_auc,495,396,0.95464748495051532,0.75968013468013473,0.19496735027038059,1.7444813880796857e-11,paired DeLong,0.00086625094902544942,1.2560265994173737e-09,4.9316488841012713e-08,2.6167220821195285e-10,8.8096310098024135e-09,True,True,True,True,True
Random forest,IDH,UCSF,accuracy,495,103,0.92525252525252522,0.76161616161616164,0.16363636363636358,2.9104262119827914e-14,exact McNemar,,1.717151465069847e-12,8.9466501756351003e-11,2.6193835907845121e-13,1.5978239903785525e-11,True,True,True,True,True
Random forest,IDH,UCSF,f1,495,103,0.82790697674418601,0.43269230769230771,0.3952146690518783,2.3584879136905372e-15,exact paired swap,,1.6037717813095652e-13,7.4481048314347168e-12,2.8301854964286447e-14,1.3231117195803914e-12,True,True,True,True,True
Random forest,IDH,UCSF,mcc,495,103,0.78138872056826103,0.28183570946036612,0.49955301110789491,2.0251596508642244e-15,exact paired swap,,1.4378633521135994e-13,6.4035548160326776e-12,2.6327075461234917e-14,1.1381397237856941e-12,True,True,True,True,True
Random forest,IDH,UCSF,roc_auc,495,103,0.95321478105805435,0.73040915395284334,0.22280562710521101,8.3531980112819168e-15,paired DeLong,0.00084302245471818815,7.5178782101537247e-13,2.5986799013098042e-11,1.5035756420307449e-13,4.6443780942727454e-12,True,True,True,True,True
Random forest,1p/19q,UCSF,accuracy,404,15,0.84653465346534651,0.82673267326732669,0.01980198019801982,0.23039623635948664,exact McNemar,,1,1,0.69118870907845986,1,False,False,False,False,False
Random forest,1p/19q,UCSF,f1,404,15,0.26190476190476192,0.14634146341463414,0.11556329849012778,0.0323700094889059,exact paired swap,,1,1,0.097110028466717707,1,True,False,False,False,False
Random forest,1p/19q,UCSF,mcc,404,15,0.2935348174107989,0.12362594189842202,0.16990887551237688,0.030536550929658995,exact paired swap,,1,1,0.18321930557795396,1,True,False,False,False,False
Random forest,1p/19q,UCSF,roc_auc,404,15,0.92476435304198801,0.67112253641816622,0.25364181662382179,0.00019346669837416822,paired DeLong,0.0051082140218540817,0.018185869647171813,0.31825271882550671,0.0030954671739866916,0.048753607990290389,True,True,False,True,True
Random forest,Grade,Xijing,accuracy,92,73,0.89130434782608692,0.5,0.39130434782608692,7.4669515015557408e-10,exact McNemar,,7.6162905315868556e-08,1.9690351109602489e-06,1.1947122402489185e-08,3.4497315937187523e-07,True,True,True,True,True
Random forest,Grade,Xijing,f1,92,73,0.9285714285714286,0.61016949152542377,0.31840193704600483,3.2378011383116292e-10,exact paired swap,,3.3025571610778616e-08,8.6611180449836083e-07,5.1804818212986067e-09,1.5347177395597121e-07,True,True,True,True,True
Random forest,Grade,Xijing,mcc,92,73,0.71446711393530837,0.015764142345717894,0.69870297158959049,4.8021320253610685e-09,exact paired swap,,4.8981746658682897e-07,1.2221426004543919e-05,7.6834112405777097e-08,2.1417508833110366e-06,True,True,True,True,True
Random forest,Grade,Xijing,roc_auc,92,73,0.92285508291276142,0.60021629416005773,0.32263878875270369,1.4623989757287271e-05,paired DeLong,0.0059598826574292435,0.0012869110986412798,0.028677643914040339,0.00026323181563117089,0.0046065567735454902,True,True,True,True,True
Random forest,IDH,Xijing,accuracy,105,17,0.92380952380952386,0.7142857142857143,0.20952380952380956,1.3720244169235229e-05,exact McNemar,,0.00045276805758476257,0.027085737725512461,9.6041709184646606e-05,0.0043589395732353048,True,True,True,True,True
Random forest,IDH,Xijing,f1,105,17,0.80952380952380953,0.4642857142857143,0.34523809523809523,9.0338289737701416e-06,exact paired swap,,0.00030715018510818481,0.018239300698041916,7.2270631790161133e-05,0.0029811635613441467,True,True,True,True,True
Random forest,IDH,Xijing,mcc,105,17,0.78624539310689645,0.35773962226167527,0.42850577084522118,8.6762011051177995e-06,exact paired swap,,0.00029499083757400518,0.017543278634548191,6.9409608840942396e-05,0.0028804987668991093,True,True,True,True,True
Random forest,IDH,Xijing,roc_auc,105,17,0.98195187165775411,0.82018716577540096,0.16176470588235314,0.0075043282030194383,paired DeLong,0.0044236387093613801,0.45129586672909833,1,0.12006925124831101,1,True,False,False,False,False
Random forest,1p/19q,Xijing,accuracy,59,5,0.88135593220338981,0.79661016949152541,0.084745762711864403,0.1334228515625,exact McNemar,,1,1,0.4375,1,False,False,False,False,False
Random forest,1p/19q,Xijing,f1,59,5,0.46153846153846156,0.33333333333333331,0.12820512820512825,0.27832031250000006,exact paired swap,,1,1,1,1,False,False,False,False,False
Random forest,1p/19q,Xijing,mcc,59,5,0.41277045446049859,0.27873117693472471,0.13403927752577388,0.29846191406250006,exact paired swap,,1,1,1,1,False,False,False,False,False
Random forest,1p/19q,Xijing,roc_auc,59,5,0.94814814814814807,0.82777777777777783,0.12037037037037024,0.077621470581032109,paired DeLong,0.0071729171519527898,1,1,0.49785030837531224,1,False,False,False,False,False
AGGN,Grade,Development OOF,roc_auc,784,521,0.91483911460119827,0.86232238383337101,0.052516730767827258,4.4293355120927765e-06,paired DeLong,0.00013969561245200977,,,3.1005348584649432e-05,0.0015236914161599151,True,False,False,True,True
AGGN,Grade,Development OOF,accuracy,784,521,0.8392857142857143,0.79974489795918369,0.039540816326530615,0.0040038366040454328,exact McNemar,,,,0.02802685622831803,0.73828125,True,False,False,True,False
AGGN,Grade,Development OOF,f1,784,521,0.87272727272727268,0.84742468415937799,0.02530258856789469,0.015255159451783714,exact paired swap,,,,0.106786116162486,1,True,False,False,False,False
AGGN,Grade,Development OOF,mcc,784,521,0.66306000754319727,0.55665558575369745,0.10640442178949983,0.00022579425516425981,exact paired swap,,,,0.0015805597861498187,0.055838282679810274,True,False,False,True,False
CMTLNet,Grade,Development OOF,roc_auc,784,521,0.91483911460119827,0.8428074118943536,0.072031702706844669,1.7137656015847397e-09,paired DeLong,0.00014856552130595112,,,1.5423890414262656e-08,7.8661841112739555e-07,True,False,False,True,True
CMTLNet,Grade,Development OOF,accuracy,784,521,0.8392857142857143,0.78316326530612246,0.056122448979591844,0.00010089861318962959,exact McNemar,,,,0.0008071889055170367,0.026666871140723379,True,False,False,True,True
CMTLNet,Grade,Development OOF,f1,784,521,0.87272727272727268,0.82581967213114749,0.046907600596125198,9.211257643177597e-05,exact paired swap,,,,0.00073690061145420776,0.02468617048371596,True,False,False,True,True
CMTLNet,Grade,Development OOF,mcc,784,521,0.66306000754319727,0.55088393377408063,0.11217607376911665,0.00010155340373090547,exact paired swap,,,,0.00081242722984724378,0.02670854518122814,True,False,False,True,True
DenseNet121 3D,Grade,Development OOF,roc_auc,784,521,0.91483911460119827,0.90006787181714021,0.014771242784058058,0.039396107065865611,paired DeLong,7.0619741526789729e-05,,,0.039396107065865611,1,True,False,False,True,False
DenseNet121 3D,Grade,Development OOF,accuracy,784,521,0.8392857142857143,0.82270408163265307,0.016581632653061229,0.10155840936824782,exact McNemar,,,,0.20311681873649565,1,False,False,False,False,False
DenseNet121 3D,Grade,Development OOF,f1,784,521,0.87272727272727268,0.8622398414271556,0.010487431300117089,0.14473390380815526,exact paired swap,,,,0.35083414877202801,1,False,False,False,False,False
DenseNet121 3D,Grade,Development OOF,mcc,784,521,0.66306000754319727,0.61691764742623623,0.046142360116961045,0.034074483539033439,exact paired swap,,,,0.068148967078066877,1,True,False,False,False,False
EfficientNet-B0 3D,Grade,Development OOF,roc_auc,784,521,0.91483911460119827,0.83333090065171544,0.081508213949482822,3.8880277117053499e-12,paired DeLong,0.00014189221595682178,,,4.2768304828758849e-11,2.0023342715282553e-09,True,False,False,True,True
EfficientNet-B0 3D,Grade,Development OOF,accuracy,784,521,0.8392857142857143,0.74872448979591832,0.090561224489795977,2.516077768472767e-09,exact McNemar,,,,2.7676855453200436e-08,1.1397832291181633e-06,True,False,False,True,True
EfficientNet-B0 3D,Grade,Development OOF,f1,784,521,0.87272727272727268,0.79064824654622745,0.082079026181045234,3.7770931364178234e-10,exact paired swap,,,,4.5325117637013881e-09,1.7790108672527947e-07,True,False,False,True,True
EfficientNet-B0 3D,Grade,Development OOF,mcc,784,521,0.66306000754319727,0.50318340614512114,0.15987660139807613,7.6556511032390171e-08,exact paired swap,,,,8.4212162135629184e-07,3.1617839056377138e-05,True,False,False,True,True
GlioMT image-only Transformer,Grade,Development OOF,roc_auc,784,521,0.91483911460119827,0.73556264276800243,0.17927647183319584,1.0295634664103095e-21,paired DeLong,0.00035597316339770519,,,1.2354761596923715e-20,6.2906327797669915e-19,True,False,False,True,True
GlioMT image-only Transformer,Grade,Development OOF,accuracy,784,521,0.8392857142857143,0.7142857142857143,0.125,1.1626746239348594e-11,exact McNemar,,,,1.3952095487218314e-10,5.9180138358284348e-09,True,False,False,True,True
GlioMT image-only Transformer,Grade,Development OOF,f1,784,521,0.87272727272727268,0.77909270216962523,0.093634570557647456,7.0199138128548357e-10,exact paired swap,,,,7.7219051941403195e-09,3.2502200953517888e-07,True,False,False,True,True
GlioMT image-only Transformer,Grade,Development OOF,mcc,784,521,0.66306000754319727,0.376781228795047,0.28627877874815028,4.3401436215701548e-14,exact paired swap,,,,5.2081723458841857e-13,2.3697184173773046e-11,True,False,False,True,True
2.5D Hybrid MTL,Grade,Development OOF,roc_auc,784,521,0.91483911460119827,0.83424315625843848,0.080595958342759788,1.8258835015565403e-09,paired DeLong,0.00018665266536804168,,,1.5423890414262656e-08,8.3442876021133889e-07,True,False,False,True,True
2.5D Hybrid MTL,Grade,Development OOF,accuracy,784,521,0.8392857142857143,0.80867346938775508,0.030612244897959218,0.012510674995949534,exact McNemar,,,,0.075064049975697211,1,True,False,False,False,False
2.5D Hybrid MTL,Grade,Development OOF,f1,784,521,0.87272727272727268,0.853515625,0.019211647727272685,0.035676726263943234,exact paired swap,,,,0.17838363131971618,1,True,False,False,False,False
2.5D Hybrid MTL,Grade,Development OOF,mcc,784,521,0.66306000754319727,0.5787682484670158,0.084291759076181472,0.0010857794080693698,exact paired swap,,,,0.0065146764484162187,0.22801367569456765,True,False,False,True,False
MFEFNet,Grade,Development OOF,roc_auc,784,521,0.91483911460119827,0.88837640396137874,0.026462710639819531,0.0024301584429822364,paired DeLong,8.8299348203340933e-05,,,0.0048603168859644727,0.46902057949557163,True,False,False,True,False
MFEFNet,Grade,Development OOF,accuracy,784,521,0.8392857142857143,0.8392857142857143,0,0.5419355614943554,exact McNemar,,,,0.5419355614943554,1,False,False,False,False,False
MFEFNet,Grade,Development OOF,f1,784,521,0.87272727272727268,0.87861271676300579,-0.0058854440357331006,0.72669520106729379,exact paired swap,,,,0.72669520106729379,1,False,False,False,False,False
MFEFNet,Grade,Development OOF,mcc,784,521,0.66306000754319727,0.6409289638230119,0.022131043720185373,0.20081933566108356,exact paired swap,,,,0.20081933566108356,1,False,False,False,False,False
MTTU-Net,Grade,Development OOF,roc_auc,784,521,0.91483911460119827,0.8816549046510439,0.033184209950154364,0.00016510730530653727,paired DeLong,8.5425129165344805e-05,,,0.00066042922122614908,0.042432577463780076,True,False,False,True,True
MTTU-Net,Grade,Development OOF,accuracy,784,521,0.8392857142857143,0.8125,0.026785714285714302,0.016708360801048806,exact McNemar,,,,0.083541804005244025,1,True,False,False,False,False
MTTU-Net,Grade,Development OOF,f1,784,521,0.87272727272727268,0.85741998060135793,0.015307292125914751,0.05467175094589672,exact paired swap,,,,0.21868700378358688,1,False,False,False,False,False
MTTU-Net,Grade,Development OOF,mcc,784,521,0.66306000754319727,0.58405129795795152,0.079008709585245751,0.001261383313868824,exact paired swap,,,,0.0065146764484162187,0.26236772928471541,True,False,False,True,False
PrognosAIs WHO-2016 MTL,Grade,Development OOF,roc_auc,784,521,0.91483911460119827,0.88585128044196959,0.028987834159228676,0.00075547296420370405,paired DeLong,8.3484971091758102e-05,,,0.0022664188926111123,0.1669595250890186,True,False,False,True,False
PrognosAIs WHO-2016 MTL,Grade,Development OOF,accuracy,784,521,0.8392857142857143,0.8125,0.026785714285714302,0.016708360801048806,exact McNemar,,,,0.083541804005244025,1,True,False,False,False,False
PrognosAIs WHO-2016 MTL,Grade,Development OOF,f1,784,521,0.87272727272727268,0.85196374622356497,0.020763526503707719,0.018203289129166984,exact paired swap,,,,0.10921973477500191,1,True,False,False,False,False
PrognosAIs WHO-2016 MTL,Grade,Development OOF,mcc,784,521,0.66306000754319727,0.60344421767485612,0.059615789868341151,0.00859632111357061,exact paired swap,,,,0.025788963340711832,1,True,False,False,True,False
ResNet10 3D,Grade,Development OOF,roc_auc,784,521,0.91483911460119827,0.87679440677842402,0.038044707822774249,2.6235887196585016e-05,paired DeLong,8.8489999590064095e-05,,,0.00015741532317951009,0.0080281814821550144,True,False,False,True,True
ResNet10 3D,Grade,Development OOF,accuracy,784,521,0.8392857142857143,0.7857142857142857,0.053571428571428603,2.3284934848733001e-05,exact McNemar,,,,0.00020956441363859701,0.0071950448682584975,True,False,False,True,True
ResNet10 3D,Grade,Development OOF,f1,784,521,0.87272727272727268,0.82680412371134016,0.04592314901593253,1.1595672170228393e-05,exact paired swap,,,,0.00010436104953205554,0.0037338064388135425,True,False,False,True,True
ResNet10 3D,Grade,Development OOF,mcc,784,521,0.66306000754319727,0.56041626229487251,0.10264374524832476,5.3004353881564361e-05,exact paired swap,,,,0.00047703918493407924,0.015123367309570342,True,False,False,True,True
ResNet18 2.5D,Grade,Development OOF,roc_auc,784,521,0.91483911460119827,0.83164870131291824,0.08319041328828003,2.2182896812833267e-11,paired DeLong,0.00015942098690873276,,,2.2182896812833267e-10,1.1091448406416634e-08,True,False,False,True,True
ResNet18 2.5D,Grade,Development OOF,accuracy,784,521,0.8392857142857143,0.7678571428571429,0.071428571428571397,1.2410387526505591e-07,exact McNemar,,,,1.241038752650559e-06,5.0013861731817533e-05,True,False,False,True,True
ResNet18 2.5D,Grade,Development OOF,f1,784,521,0.87272727272727268,0.81198347107438018,0.060743801652892504,1.119352435149647e-07,exact paired swap,,,,1.119352435149647e-06,4.5669579354105596e-05,True,False,False,True,True
ResNet18 2.5D,Grade,Development OOF,mcc,784,521,0.66306000754319727,0.5235965164987495,0.13946349104444777,1.4321582543970794e-07,exact paired swap,,,,1.4321582543970793e-06,5.7429546001322885e-05,True,False,False,True,True
ResNet18 3D,Grade,Development OOF,roc_auc,784,521,0.91483911460119827,0.8742327930347461,0.040606321566452164,3.2601187258091203e-05,paired DeLong,0.00010340865882160798,,,0.000163005936290456,0.0097803561774273615,True,False,False,True,True
ResNet18 3D,Grade,Development OOF,accuracy,784,521,0.8392857142857143,0.81887755102040816,0.020408163265306145,0.048515455648649536,exact McNemar,,,,0.14554636694594861,1,True,False,False,False,False
ResNet18 3D,Grade,Development OOF,f1,784,521,0.87272727272727268,0.86159844054580892,0.011128832181463766,0.11694471625734267,exact paired swap,,,,0.35083414877202801,1,False,False,False,False,False
ResNet18 3D,Grade,Development OOF,mcc,784,521,0.66306000754319727,0.60040082039438314,0.062659187148814133,0.0056525441150159306,exact paired swap,,,,0.022610176460063722,0.9835426760127719,True,False,False,True,False
Swin-S,Grade,Development OOF,roc_auc,784,521,0.91483911460119827,0.7316362946366668,0.18320281996453147,8.6775858514225243e-23,paired DeLong,0.00035261739723003023,,,1.1280861606849281e-21,5.3974583995848102e-20,True,False,False,True,True
Swin-S,Grade,Development OOF,accuracy,784,521,0.8392857142857143,0.69005102040816324,0.14923469387755106,8.6171818564006198e-16,exact McNemar,,,,1.1202336413320806e-14,4.8859421125791515e-13,True,False,False,True,True
Swin-S,Grade,Development OOF,f1,784,521,0.87272727272727268,0.75772681954137588,0.1150004531858968,6.9700631481229653e-14,exact paired swap,,,,9.0610820925598549e-13,3.763834099986401e-11,True,False,False,True,True
Swin-S,Grade,Development OOF,mcc,784,521,0.66306000754319727,0.33136265904424472,0.33169734849895255,6.4482630211247561e-18,exact paired swap,,,,8.3827419274621833e-17,3.7980269194424817e-15,True,False,False,True,True
AGGN,IDH,Development OOF,roc_auc,1355,281,0.94594988634631572,0.88570017959270209,0.06024970675361363,2.8005969541733946e-11,paired DeLong,8.4507563145454526e-05,,,2.5205372587560549e-10,1.3890960892700038e-08,True,False,False,True,True
AGGN,IDH,Development OOF,accuracy,1355,281,0.89446494464944648,0.82952029520295201,0.064944649446494473,1.7999805784604667e-11,exact McNemar,,,,1.9799786363065134e-10,9.0719021154407525e-09,True,False,False,True,True
AGGN,IDH,Development OOF,f1,1355,281,0.77265500794912556,0.66857962697274032,0.10407538097638525,1.7425033627925624e-09,exact paired swap,,,,1.9167536990718184e-08,7.9806654015899358e-07,True,False,False,True,True
AGGN,IDH,Development OOF,mcc,1355,281,0.71178394409360823,0.57905940934601485,0.13272453474759338,4.942358523576721e-09,exact paired swap,,,,5.4365943759343931e-08,2.1993495429916407e-06,True,False,False,True,True
CMTLNet,IDH,Development OOF,roc_auc,1355,281,0.94594988634631572,0.88735362532058293,0.058596261025732788,1.0833692761872983e-08,paired DeLong,0.00010956038588863461,,,8.6669542094983867e-08,4.7343237369384941e-06,True,False,False,True,True
CMTLNet,IDH,Development OOF,accuracy,1355,281,0.89446494464944648,0.84575645756457563,0.048708487084870855,2.7715663458778616e-06,exact McNemar,,,,1.662939807526717e-05,0.00097836292009488525,True,False,False,True,True
CMTLNet,IDH,Development OOF,f1,1355,281,0.77265500794912556,0.69753979739507954,0.075115210554046019,3.442344928213046e-05,exact paired swap,,,,0.0001141920492853165,0.010258187886074877,True,False,False,True,True
CMTLNet,IDH,Development OOF,mcc,1355,281,0.71178394409360823,0.61805744824318565,0.093726495850422586,7.0941720065483081e-05,exact paired swap,,,,0.00017424370891780437,0.019792739898269778,True,False,False,True,True
DenseNet121 3D,IDH,Development OOF,roc_auc,1355,281,0.94594988634631572,0.91359669178313685,0.032353194563178866,0.0001193194922922517,paired DeLong,7.7538907983509359e-05,,,0.00023863898458450339,0.031142387488277693,True,False,False,True,True
DenseNet121 3D,IDH,Development OOF,accuracy,1355,281,0.89446494464944648,0.85166051660516606,0.042804428044280418,5.7869634732652964e-06,exact McNemar,,,,2.3147853893061186e-05,0.0019559936539636702,True,False,False,True,True
DenseNet121 3D,IDH,Development OOF,f1,1355,281,0.77265500794912556,0.70133729569093606,0.071317712258189503,2.2838409857063301e-05,exact paired swap,,,,0.0001141920492853165,0.0070799070556896229,True,False,False,True,True
DenseNet121 3D,IDH,Development OOF,mcc,1355,281,0.71178394409360823,0.62106608371996286,0.090717860373645376,3.7029803969700507e-05,exact paired swap,,,,0.00017424370891780437,0.010886762367091948,True,False,False,True,True
EfficientNet-B0 3D,IDH,Development OOF,roc_auc,1355,281,0.94594988634631572,0.85973876220203183,0.08621112414428389,4.9412442005304405e-12,paired DeLong,0.00016034725724860838,,,5.4353686205834848e-11,2.5348582748721162e-09,True,False,False,True,True
EfficientNet-B0 3D,IDH,Development OOF,accuracy,1355,281,0.89446494464944648,0.84354243542435425,0.050922509225092227,5.6568693023059907e-07,exact McNemar,,,,3.9598085116141936e-06,0.00021665809427831944,True,False,False,True,True
EfficientNet-B0 3D,IDH,Development OOF,f1,1355,281,0.77265500794912556,0.66349206349206347,0.10916294445706209,3.8351402701895109e-08,exact paired swap,,,,3.8351402701895106e-07,1.6145940537497842e-05,True,False,False,True,True
EfficientNet-B0 3D,IDH,Development OOF,mcc,1355,281,0.71178394409360823,0.56872250353350384,0.14306144056010439,3.5677257392407595e-08,exact paired swap,,,,3.5677257392407594e-07,1.5055802619596005e-05,True,False,False,True,True
GlioMT image-only Transformer,IDH,Development OOF,roc_auc,1355,281,0.94594988634631572,0.83672306275141317,0.10922682359490254,8.4019643421694492e-17,paired DeLong,0.00017558808371680813,,,1.0082357210603339e-15,4.8563353897739417e-14,True,False,False,True,True
GlioMT image-only Transformer,IDH,Development OOF,accuracy,1355,281,0.89446494464944648,0.80590405904059037,0.08856088560885611,5.6227356866758976e-14,exact McNemar,,,,6.7472828240110776e-13,3.0531454778650123e-11,True,False,False,True,True
GlioMT image-only Transformer,IDH,Development OOF,f1,1355,281,0.77265500794912556,0.59724349157733536,0.1754115163717902,1.0542375266950587e-14,exact paired swap,,,,1.2650850320340705e-13,5.8299165189436924e-12,True,False,False,True,True
GlioMT image-only Transformer,IDH,Development OOF,mcc,1355,281,0.71178394409360823,0.48070910729766653,0.23107483679594171,1.054234451888552e-14,exact paired swap,,,,1.2650813422662624e-13,5.8299165189436924e-12,True,False,False,True,True
2.5D Hybrid MTL,IDH,Development OOF,roc_auc,1355,281,0.94594988634631572,0.89196604306248639,0.053983843283829325,7.918837295653978e-12,paired DeLong,6.4151473846854606e-05,,,7.9188372956539773e-11,4.0465258580791831e-09,True,False,False,True,True
2.5D Hybrid MTL,IDH,Development OOF,accuracy,1355,281,0.89446494464944648,0.85387453874538743,0.040590405904059046,8.7301408204005415e-06,exact McNemar,,,,2.6190422461201626e-05,0.0028896766115525793,True,False,False,True,True
2.5D Hybrid MTL,IDH,Development OOF,f1,1355,281,0.77265500794912556,0.70180722891566261,0.070847779033462954,2.4237538282294398e-05,exact paired swap,,,,0.0001141920492853165,0.0074651617909466741,True,False,False,True,True
2.5D Hybrid MTL,IDH,Development OOF,mcc,1355,281,0.71178394409360823,0.62082266562176858,0.090961278471839657,3.4848741783560875e-05,exact paired swap,,,,0.00017424370891780437,0.010350076309717579,True,False,False,True,True
MFEFNet,IDH,Development OOF,roc_auc,1355,281,0.94594988634631572,0.93133395627481008,0.014615930071505634,0.016459740272104915,paired DeLong,4.6951033989916193e-05,,,0.016459740272104915,1,True,False,False,True,False
MFEFNet,IDH,Development OOF,accuracy,1355,281,0.89446494464944648,0.86051660516605166,0.033948339483394818,9.7150145796623489e-05,exact McNemar,,,,9.7150145796623489e-05,0.025939088927698473,True,False,False,True,True
MFEFNet,IDH,Development OOF,f1,1355,281,0.77265500794912556,0.71748878923766812,0.055166218711457438,0.00047151488604785458,exact paired swap,,,,0.00047151488604785458,0.11033448333519798,True,False,False,True,False
MFEFNet,IDH,Development OOF,mcc,1355,281,0.71178394409360823,0.64241406402245871,0.069369880071149526,0.00073882006182662526,exact paired swap,,,,0.00073882006182662526,0.16401805372551082,True,False,False,True,False
MTTU-Net,IDH,Development OOF,roc_auc,1355,281,0.94594988634631572,0.89777795449876407,0.048171931847551641,5.8612766459001425e-08,paired DeLong,8.2680279737007797e-05,,,2.9306383229500711e-07,2.4382910846944592e-05,True,False,False,True,True
MTTU-Net,IDH,Development OOF,accuracy,1355,281,0.89446494464944648,0.84649446494464942,0.047970479704797064,2.5883758415708826e-08,exact McNemar,,,,2.5883758415708827e-07,1.1000597326676252e-05,True,False,False,True,True
MTTU-Net,IDH,Development OOF,f1,1355,281,0.77265500794912556,0.68768768768768773,0.084967320261437829,6.2383048223498046e-08,exact paired swap,,,,5.6144743401148243e-07,2.5888965012751688e-05,True,False,False,True,True
MTTU-Net,IDH,Development OOF,mcc,1355,281,0.71178394409360823,0.60202741642803648,0.10975652766557176,8.7384482469188687e-08,exact paired swap,,,,7.8646034222269824e-07,3.5915022294836547e-05,True,False,False,True,True
PrognosAIs WHO-2016 MTL,IDH,Development OOF,roc_auc,1355,281,0.94594988634631572,0.90563762036355921,0.040312265982756501,1.5718358733880174e-07,paired DeLong,6.2122233808361777e-05,,,6.2873434935520696e-07,6.2716251348181892e-05,True,False,False,True,True
PrognosAIs WHO-2016 MTL,IDH,Development OOF,accuracy,1355,281,0.89446494464944648,0.847970479704797,0.046494464944649483,2.2358180753070006e-07,exact McNemar,,,,1.7886544602456005e-06,8.7867650359565129e-05,True,False,False,True,True
PrognosAIs WHO-2016 MTL,IDH,Development OOF,f1,1355,281,0.77265500794912556,0.6943620178041543,0.078292990144971264,1.24493310908465e-06,exact paired swap,,,,8.7145317635925507e-06,0.00045564551792498189,True,False,False,True,True
PrognosAIs WHO-2016 MTL,IDH,Development OOF,mcc,1355,281,0.71178394409360823,0.61174295442565441,0.10004098966795383,2.1144134338345654e-06,exact paired swap,,,,1.4800894036841958e-05,0.00075273118244510533,True,False,False,True,True
ResNet10 3D,IDH,Development OOF,roc_auc,1355,281,0.94594988634631572,0.9057303988813562,0.040219487464959514,5.2428643606163652e-06,paired DeLong,8.3292392195490942e-05,,,1.5728593081849097e-05,0.0017825738826095642,True,False,False,True,True
ResNet10 3D,IDH,Development OOF,accuracy,1355,281,0.89446494464944648,0.85461254612546123,0.039852398523985255,1.8769199679313583e-05,exact McNemar,,,,3.7538399358627167e-05,0.0058747594996251514,True,False,False,True,True
ResNet10 3D,IDH,Development OOF,f1,1355,281,0.77265500794912556,0.70375939849624058,0.068895609452884976,4.1707261470491924e-05,exact paired swap,,,,0.0001141920492853165,0.012178520349383642,True,False,False,True,True
ResNet10 3D,IDH,Development OOF,mcc,1355,281,0.71178394409360823,0.62353460850574915,0.088249335587859079,5.6017944760677327e-05,exact paired swap,,,,0.00017424370891780437,0.015853078367271685,True,False,False,True,True
ResNet18 2.5D,IDH,Development OOF,roc_auc,1355,281,0.94594988634631572,0.89158830195431316,0.05436158439200256,1.5104138326398685e-08,paired DeLong,9.6278510094799383e-05,,,9.4219043377259702e-08,6.4645712036986376e-06,True,False,False,True,True
ResNet18 2.5D,IDH,Development OOF,accuracy,1355,281,0.89446494464944648,0.85018450184501848,0.044280442804428,3.1615303188797401e-06,exact McNemar,,,,1.662939807526717e-05,0.0011065356116079089,True,False,False,True,True
ResNet18 2.5D,IDH,Development OOF,f1,1355,281,0.77265500794912556,0.69007633587786255,0.082578672071263015,3.3291101499564996e-06,exact paired swap,,,,1.9974660899738997e-05,0.0011618594423348184,True,False,False,True,True
ResNet18 2.5D,IDH,Development OOF,mcc,1355,281,0.71178394409360823,0.60445531906101602,0.10732862503259222,3.8361561032777086e-06,exact paired swap,,,,2.301693661966625e-05,0.0013337392981975088,True,False,False,True,True
ResNet18 3D,IDH,Development OOF,roc_auc,1355,281,0.94594988634631572,0.90149572224762586,0.044454164098689852,1.3459863339608528e-08,paired DeLong,6.3917076310019479e-05,,,9.4219043377259702e-08,5.8685004160693183e-06,True,False,False,True,True
ResNet18 3D,IDH,Development OOF,accuracy,1355,281,0.89446494464944648,0.84428044280442804,0.050184501845018437,1.1424793825592658e-07,exact McNemar,,,,1.0282314443033391e-06,4.6498910870162114e-05,True,False,False,True,True
ResNet18 3D,IDH,Development OOF,f1,1355,281,0.77265500794912556,0.68647845468053492,0.086176553268590639,5.63197879572087e-07,exact paired swap,,,,4.505583036576696e-06,0.00021626798575568142,True,False,False,True,True
ResNet18 3D,IDH,Development OOF,mcc,1355,281,0.71178394409360823,0.60099375217454554,0.1107901919190627,9.4594652168000059e-07,exact paired swap,,,,7.5675721734400048e-06,0.00035756778519504021,True,False,False,True,True
Swin-S,IDH,Development OOF,roc_auc,1355,281,0.94594988634631572,0.70600475821255571,0.23994512813376001,1.7160660203178883e-48,paired DeLong,0.00027060283057154237,,,3.2605254386039875e-47,1.1652088277958461e-45,True,False,False,True,True
Swin-S,IDH,Development OOF,accuracy,1355,281,0.89446494464944648,0.67453874538745384,0.21992619926199264,5.339278135264049e-54,exact McNemar,,,,1.0144628457001694e-52,3.6413876882500813e-51,True,False,False,True,True
Swin-S,IDH,Development OOF,f1,1355,281,0.77265500794912556,0.4667472793228537,0.30590772862627186,6.863790209244052e-46,exact paired swap,,,,1.3041201397563698e-44,4.6536497618674669e-43,True,False,False,True,True
Swin-S,IDH,Development OOF,mcc,1355,281,0.71178394409360823,0.29604355867906701,0.41574038541454122,2.8267115567572777e-44,exact paired swap,,,,5.3707519578388279e-43,1.9108570123679197e-41,True,False,False,True,True
AGGN,1p/19q,Development OOF,roc_auc,571,90,0.85162855162855167,0.64425964425964433,0.20736890736890734,2.2719310581816555e-08,paired DeLong,0.0014380814063681897,,,3.1807034814543178e-07,9.6784263078538518e-06,True,False,False,True,True
AGGN,1p/19q,Development OOF,accuracy,571,90,0.79684763572679507,0.69176882661996497,0.1050788091068301,5.141756181301934e-06,exact McNemar,,,,2.9693169763325191e-05,0.0017533388578239596,True,False,False,True,True
AGGN,1p/19q,Development OOF,f1,571,90,0.546875,0.39310344827586208,0.15377155172413792,4.7174423754866923e-05,exact paired swap,,,,0.00016198801232611835,0.013727757312666275,True,False,False,True,True
AGGN,1p/19q,Development OOF,mcc,571,90,0.46396530023727411,0.256671526382932,0.20729377385434211,8.4970328698102016e-05,exact paired swap,,,,0.00033988131479240806,0.02319689973458185,True,False,False,True,True
CMTLNet,1p/19q,Development OOF,roc_auc,571,90,0.85162855162855167,0.72030492030492044,0.13132363132363123,1.2078398531007134e-06,paired DeLong,0.00077571146360095201,,,1.0870558677906421e-05,0.00044327722608796183,True,False,False,True,True
CMTLNet,1p/19q,Development OOF,accuracy,571,90,0.79684763572679507,0.72854640980735552,0.068301225919439545,0.00019808890939615323,exact McNemar,,,,0.00030188910725347223,0.049522227349038307,True,False,False,True,True
CMTLNet,1p/19q,Development OOF,f1,571,90,0.546875,0.42379182156133827,0.12308317843866173,7.6913109408015403e-05,exact paired swap,,,,0.00016198801232611835,0.021381844415428283,True,False,False,True,True
CMTLNet,1p/19q,Development OOF,mcc,571,90,0.46396530023727411,0.29823541449319846,0.16572988574407566,8.7081617551906167e-05,exact paired swap,,,,0.00033988131479240806,0.023686199974118478,True,False,False,True,True
DenseNet121 3D,1p/19q,Development OOF,roc_auc,571,90,0.85162855162855167,0.72453222453222454,0.12709632709632712,3.2425470733779878e-09,paired DeLong,0.00047956752505575313,,,5.1880753174047804e-08,1.4656312771668505e-06,True,False,False,True,True
DenseNet121 3D,1p/19q,Development OOF,accuracy,571,90,0.79684763572679507,0.68126094570928197,0.11558669001751309,1.3916888668674128e-08,exact McNemar,,,,1.6700266402408954e-07,6.026012793535898e-06,True,False,False,True,True
DenseNet121 3D,1p/19q,Development OOF,f1,571,90,0.546875,0.40909090909090912,0.13778409090909088,9.847237906274913e-07,exact paired swap,,,,1.1816685487529895e-05,0.00036623039619557791,True,False,False,True,True
DenseNet121 3D,1p/19q,Development OOF,mcc,571,90,0.46396530023727411,0.28332705298500888,0.18063824725226524,4.6414592918621459e-06,exact paired swap,,,,5.5697511502345747e-05,0.001592020537108716,True,False,False,True,True
EfficientNet-B0 3D,1p/19q,Development OOF,roc_auc,571,90,0.85162855162855167,0.71429891429891434,0.13732963732963732,5.4971755096334564e-07,paired DeLong,0.00079422666018447727,,,5.4971755096334566e-06,0.00021164125712088807,True,False,False,True,True
EfficientNet-B0 3D,1p/19q,Development OOF,accuracy,571,90,0.79684763572679507,0.65148861646234679,0.14535901926444827,5.9726901187474823e-11,exact McNemar,,,,8.3617661662464747e-10,2.9206454680675189e-08,True,False,False,True,True
EfficientNet-B0 3D,1p/19q,Development OOF,f1,571,90,0.546875,0.34323432343234322,0.20364067656765678,3.1411713811754101e-10,exact paired swap,,,,5.3399913479981972e-09,1.4920564060583199e-07,True,False,False,True,True
EfficientNet-B0 3D,1p/19q,Development OOF,mcc,571,90,0.46396530023727411,0.18313577451817328,0.2808295257191008,6.8534537405383296e-10,exact paired swap,,,,1.0965525984861327e-08,3.1800025356097852e-07,True,False,False,True,True
GlioMT image-only Transformer,1p/19q,Development OOF,roc_auc,571,90,0.85162855162855167,0.63042273042273034,0.22120582120582133,4.6991640013297399e-12,paired DeLong,0.0010534326752080806,,,7.9885788022605573e-11,2.4153702966834861e-09,True,False,False,True,True
GlioMT image-only Transformer,1p/19q,Development OOF,accuracy,571,90,0.79684763572679507,0.63397548161120842,0.16287215411558664,6.9576217234449517e-13,exact McNemar,,,,1.2523719102200913e-11,3.6666666482554897e-10,True,False,False,True,True
GlioMT image-only Transformer,1p/19q,Development OOF,f1,571,90,0.546875,0.32362459546925565,0.22325040453074435,3.2936321800809766e-11,exact paired swap,,,,5.9285379241457578e-10,1.6138797682396786e-08,True,False,False,True,True
GlioMT image-only Transformer,1p/19q,Development OOF,mcc,571,90,0.46396530023727411,0.15302594951563087,0.31093935072164325,8.061743244074068e-11,exact paired swap,,,,1.4511137839333322e-09,3.9260689598640714e-08,True,False,False,True,True
2.5D Hybrid MTL,1p/19q,Development OOF,roc_auc,571,90,0.85162855162855167,0.71039501039501041,0.14123354123354126,6.7268481088329514e-09,paired DeLong,0.00061822757231530306,,,1.0090272163249427e-07,2.9867205603218303e-06,True,False,False,True,True
2.5D Hybrid MTL,1p/19q,Development OOF,accuracy,571,90,0.79684763572679507,0.70577933450087571,0.091068301225919357,5.6498017378731109e-06,exact McNemar,,,,2.9693169763325191e-05,0.0019152827891389845,True,False,False,True,True
2.5D Hybrid MTL,1p/19q,Development OOF,f1,571,90,0.546875,0.44736842105263158,0.099506578947368418,0.00062210533372372451,exact paired swap,,,,0.00062210533372372451,0.13997370008783802,True,False,False,True,False
2.5D Hybrid MTL,1p/19q,Development OOF,mcc,571,90,0.46396530023727411,0.34026059104449857,0.12370470919277554,0.0016830891520181746,exact paired swap,,,,0.0016830891520181746,0.33998400870767126,True,False,False,True,False
MFEFNet,1p/19q,Development OOF,roc_auc,571,90,0.85162855162855167,0.69898359898359896,0.1526449526449527,7.4458719976230589e-13,paired DeLong,0.00046542679077926077,,,1.3402569595721506e-11,3.9090827987521059e-10,True,False,False,True,True
MFEFNet,1p/19q,Development OOF,accuracy,571,90,0.79684763572679507,0.69877408056042034,0.098073555166374726,1.5905301585185393e-07,exact McNemar,,,,1.2724241268148314e-06,6.3303100309037864e-05,True,False,False,True,True
MFEFNet,1p/19q,Development OOF,f1,571,90,0.546875,0.43790849673202614,0.10896650326797386,1.3477021245710921e-05,exact paired swap,,,,8.5094131816365042e-05,0.0042991697773817842,True,False,False,True,True
MFEFNet,1p/19q,Development OOF,mcc,571,90,0.46396530023727411,0.32659951832826267,0.13736578190901144,5.425954146130795e-05,exact paired swap,,,,0.00027129770730653977,0.015409709775011458,True,False,False,True,True
MTTU-Net,1p/19q,Development OOF,roc_auc,571,90,0.85162855162855167,0.73700623700623702,0.11462231462231465,1.012606415039901e-05,paired DeLong,0.00072325682493196587,,,6.0756384902394061e-05,0.0032909708488796782,True,False,False,True,True
MTTU-Net,1p/19q,Development OOF,accuracy,571,90,0.79684763572679507,0.65674255691768824,0.14010507880910683,2.6109179702174117e-11,exact McNemar,,,,3.9163769553261175e-10,1.3002371491682711e-08,True,False,False,True,True
MTTU-Net,1p/19q,Development OOF,f1,571,90,0.546875,0.3987730061349693,0.1481019938650307,1.5005050662131489e-06,exact paired swap,,,,1.6505555728344638e-05,0.00054618384410158615,True,False,False,True,True
MTTU-Net,1p/19q,Development OOF,mcc,571,90,0.46396530023727411,0.27135731666885959,0.19260798356841452,1.4113156165582905e-05,exact paired swap,,,,0.00011290524932466324,0.0044597573483241984,True,False,False,True,True
PrognosAIs WHO-2016 MTL,1p/19q,Development OOF,roc_auc,571,90,0.85162855162855167,0.74204204204204205,0.10958650958650962,1.7754983841579826e-05,paired DeLong,0.00070239735803408806,,,8.8774919207899129e-05,0.0055750649262560651,True,False,False,True,True
PrognosAIs WHO-2016 MTL,1p/19q,Development OOF,accuracy,571,90,0.79684763572679507,0.70402802101576178,0.092819614711033283,9.675623904846227e-07,exact McNemar,,,,6.7729367333923585e-06,0.00036090077165076427,True,False,False,True,True
PrognosAIs WHO-2016 MTL,1p/19q,Development OOF,f1,571,90,0.546875,0.41522491349480967,0.13165008650519033,9.175474818785294e-06,exact paired swap,,,,7.3403798550282352e-05,0.0030187312153803617,True,False,False,True,True
PrognosAIs WHO-2016 MTL,1p/19q,Development OOF,mcc,571,90,0.46396530023727411,0.28881913033317902,0.17514616990409509,2.0094739599104346e-05,exact paired swap,,,,0.00014066317719373041,0.0062695587549205564,True,False,False,True,True
ResNet10 3D,1p/19q,Development OOF,roc_auc,571,90,0.85162855162855167,0.67669207669207665,0.17493647493647502,2.7383368042165064e-08,paired DeLong,0.0010359676595735473,,,3.5598378454814583e-07,1.1583164681835823e-05,True,False,False,True,True
ResNet10 3D,1p/19q,Development OOF,accuracy,571,90,0.79684763572679507,0.71628721541155871,0.080560420315236358,0.00014355425848926797,exact McNemar,,,,0.00030188910725347223,0.037180552948720406,True,False,False,True,True
ResNet10 3D,1p/19q,Development OOF,f1,571,90,0.546875,0.39552238805970147,0.15135261194029853,1.2156304545195006e-05,exact paired swap,,,,8.5094131816365042e-05,0.0039021737590075969,True,False,False,True,True
ResNet10 3D,1p/19q,Development OOF,mcc,571,90,0.46396530023727411,0.25882212886136358,0.20514317137591054,1.2504209072369766e-05,exact paired swap,,,,0.0001125378816513279,0.0040013469031583253,True,False,False,True,True
ResNet18 2.5D,1p/19q,Development OOF,roc_auc,571,90,0.85162855162855167,0.70501270501270508,0.14661584661584659,1.1951386409577487e-07,paired DeLong,0.00080544529414672261,,,1.4341663691492985e-06,4.8403114958788823e-05,True,False,False,True,True
ResNet18 2.5D,1p/19q,Development OOF,accuracy,571,90,0.79684763572679507,0.63747810858143605,0.15936952714535901,4.4021166828629412e-14,exact McNemar,,,,8.3640216974395887e-13,2.3991535921603031e-11,True,False,False,True,True
ResNet18 2.5D,1p/19q,Development OOF,f1,571,90,0.546875,0.34285714285714286,0.20401785714285714,4.0928955034114027e-13,exact paired swap,,,,7.7765014564816656e-12,2.1733275123114549e-10,True,False,False,True,True
ResNet18 2.5D,1p/19q,Development OOF,mcc,571,90,0.46396530023727411,0.18231681690115933,0.28164848333611481,9.5451794563103262e-13,exact paired swap,,,,1.8135840966989621e-11,5.0016740351066106e-10,True,False,False,True,True
ResNet18 3D,1p/19q,Development OOF,roc_auc,571,90,0.85162855162855167,0.6912912912912913,0.16033726033726037,2.1930436652197873e-07,paired DeLong,0.0010075051720097802,,,2.4123480317417658e-06,8.6405920409659618e-05,True,False,False,True,True
ResNet18 3D,1p/19q,Development OOF,accuracy,571,90,0.79684763572679507,0.66199649737302979,0.13485113835376528,5.0567628634849739e-10,exact McNemar,,,,6.5737917225304664e-09,2.3615082572474829e-07,True,False,False,True,True
ResNet18 3D,1p/19q,Development OOF,f1,571,90,0.546875,0.38338658146964855,0.16348841853035145,9.3828201888306798e-08,exact paired swap,,,,1.407423028324602e-06,3.8469562774205784e-05,True,False,False,True,True
ResNet18 3D,1p/19q,Development OOF,mcc,571,90,0.46396530023727411,0.24481980577299897,0.21914549446427514,3.8378417522020587e-07,exact paired swap,,,,5.7567626283030879e-06,0.0001504433966863207,True,False,False,True,True
Swin-S,1p/19q,Development OOF,roc_auc,571,90,0.85162855162855167,0.57077847077847077,0.2808500808500809,2.1063167185577679e-17,paired DeLong,0.0011160540301436816,,,4.0020017652597588e-16,1.2258763302006209e-14,True,False,False,True,True
Swin-S,1p/19q,Development OOF,accuracy,571,90,0.79684763572679507,0.67250437828371279,0.12434325744308228,5.7856316247647976e-08,exact McNemar,,,,5.785631624764798e-07,2.4126083875269207e-05,True,False,False,True,True
Swin-S,1p/19q,Development OOF,f1,571,90,0.546875,0.28352490421455939,0.26335009578544061,4.900305137752425e-10,exact paired swap,,,,7.84048822040388e-09,2.302672637399601e-07,True,False,False,True,True
Swin-S,1p/19q,Development OOF,mcc,571,90,0.46396530023727411,0.10542970858891128,0.35853559164836285,4.8993034838289384e-10,exact paired swap,,,,8.3288159225091947e-09,2.302672637399601e-07,True,False,False,True,True
AGGN,Grade,UCSF,roc_auc,495,396,0.95464748495051532,0.89337822671156009,0.061269258238955238,8.9810616711705083e-05,paired DeLong,0.00026750491492577848,,,0.00071848493369364066,0.024338677128872076,True,False,False,True,True
AGGN,Grade,UCSF,accuracy,495,396,0.87272727272727268,0.74141414141414141,0.13131313131313127,3.1038148901574058e-11,exact McNemar,,,,2.4830519121259246e-10,1.5239731110672861e-08,True,False,False,True,True
AGGN,Grade,UCSF,f1,495,396,0.91520861372812923,0.8134110787172012,0.10179753501092803,6.8956340151831256e-12,exact paired swap,,,,5.5165072121465005e-11,3.5305646157737603e-09,True,False,False,True,True
AGGN,Grade,UCSF,mcc,495,396,0.68838120352133136,0.4819055601270989,0.20647564339423247,5.0122314604110216e-08,exact paired swap,,,,4.0097851683288172e-07,2.1051372133726292e-05,True,False,False,True,True
CMTLNet,Grade,UCSF,roc_auc,495,396,0.95464748495051532,0.89906642179369445,0.055581063156820876,1.7276288037853583e-06,paired DeLong,0.00014338257249352546,,,1.6827660535398398e-05,0.00062367399816651433,True,False,False,True,True
CMTLNet,Grade,UCSF,accuracy,495,396,0.87272727272727268,0.83636363636363631,0.036363636363636376,0.02069571433695773,exact McNemar,,,,0.041391428673915459,1,True,False,False,True,False
CMTLNet,Grade,UCSF,f1,495,396,0.91520861372812923,0.89068825910931171,0.024520354618817519,0.020992487212915863,exact paired swap,,,,0.041984974425831725,1,True,False,False,True,False
CMTLNet,Grade,UCSF,mcc,495,396,0.68838120352133136,0.59344242605620834,0.094938777465123025,0.0050305273093810164,exact paired swap,,,,0.010061054618762033,0.88034227914167784,True,False,False,True,False
DenseNet121 3D,Grade,UCSF,roc_auc,495,396,0.95464748495051532,0.94161310070400972,0.013034384246505604,0.11243548641032336,paired DeLong,0.00011533857326983658,,,0.28445721771020066,1,False,False,False,False,False
DenseNet121 3D,Grade,UCSF,accuracy,495,396,0.87272727272727268,0.79393939393939394,0.07878787878787874,1.3064240017950091e-06,exact McNemar,,,,5.2256960071800362e-06,0.00047684476065517831,True,False,False,True,True
DenseNet121 3D,Grade,UCSF,f1,495,396,0.91520861372812923,0.85260115606936415,0.062607457658765076,1.7639414332939674e-07,exact paired swap,,,,8.8197071664698373e-07,6.9852080758441107e-05,True,False,False,True,True
DenseNet121 3D,Grade,UCSF,mcc,495,396,0.68838120352133136,0.59950194933847167,0.08887925418285969,0.0014038766769142543,exact paired swap,,,,0.0042116300307427634,0.2891985954443364,True,False,False,True,False
EfficientNet-B0 3D,Grade,UCSF,roc_auc,495,396,0.95464748495051532,0.85771860014284251,0.09692888480767281,5.4454143646412503e-10,paired DeLong,0.00025284159934265283,,,7.0790386740336251e-09,2.5375630939228226e-07,True,False,False,True,True
EfficientNet-B0 3D,Grade,UCSF,accuracy,495,396,0.87272727272727268,0.33333333333333331,0.53939393939393931,6.5312895782683373e-73,exact McNemar,,,,1.2409450198709841e-71,4.4608707819572744e-70,True,False,False,True,True
EfficientNet-B0 3D,Grade,UCSF,f1,495,396,0.91520861372812923,0.28879310344827586,0.62641551027985343,5.0093971437667325e-80,exact paired swap,,,,9.5178545731567913e-79,3.4264276463364449e-77,True,False,False,True,True
EfficientNet-B0 3D,Grade,UCSF,mcc,495,396,0.68838120352133136,0.18485966425290098,0.50352153926843035,1.6576983438951617e-52,exact paired swap,,,,3.1496268534008072e-51,1.1272348738487099e-49,True,False,False,True,True
GlioMT image-only Transformer,Grade,UCSF,roc_auc,495,396,0.95464748495051532,0.81422813998571575,0.14041934496479958,6.5690878290565626e-10,paired DeLong,0.00053591055446082449,,,7.8829053948678752e-09,3.0546258405113018e-07,True,False,False,True,True
GlioMT image-only Transformer,Grade,UCSF,accuracy,495,396,0.87272727272727268,0.6646464646464646,0.20808080808080809,6.6909682384053929e-20,exact McNemar,,,,8.029161886086472e-19,3.9945080383280199e-17,True,False,False,True,True
GlioMT image-only Transformer,Grade,UCSF,f1,495,396,0.91520861372812923,0.74303405572755421,0.17217455800057502,4.4039454954208659e-21,exact paired swap,,,,5.2847345945050391e-20,2.6599830792342031e-18,True,False,False,True,True
GlioMT image-only Transformer,Grade,UCSF,mcc,495,396,0.68838120352133136,0.40406101782088427,0.28432018570044709,6.5593434293799873e-14,exact paired swap,,,,7.2152777723179861e-13,3.5486047952945732e-11,True,False,False,True,True
2.5D Hybrid MTL,Grade,UCSF,roc_auc,495,396,0.95464748495051532,0.91307009488827662,0.041577390062238706,0.00027961318512398028,paired DeLong,0.00014518146565210217,,,0.0019572922958678621,0.067386777614879254,True,False,False,True,False
2.5D Hybrid MTL,Grade,UCSF,accuracy,495,396,0.87272727272727268,0.73535353535353531,0.13737373737373737,3.8868803847566328e-14,exact McNemar,,,,4.2755684232322961e-13,2.1261235704618781e-11,True,False,False,True,True
2.5D Hybrid MTL,Grade,UCSF,f1,495,396,0.91520861372812923,0.80359820089955025,0.11161041282857898,1.2481842922279031e-15,exact paired swap,,,,1.3730027214506934e-14,7.0397594081653732e-13,True,False,False,True,True
2.5D Hybrid MTL,Grade,UCSF,mcc,495,396,0.68838120352133136,0.51951885611165394,0.16886234740967743,4.1582057447735364e-09,exact paired swap,,,,3.7423851702961828e-08,1.8628761736585442e-06,True,False,False,True,True
MFEFNet,Grade,UCSF,roc_auc,495,396,0.95464748495051532,0.94064381185593304,0.014003673094582281,0.094819072570066887,paired DeLong,0.00011398502174831116,,,0.28445721771020066,1,False,False,False,False,False
MFEFNet,Grade,UCSF,accuracy,495,396,0.87272727272727268,0.86464646464646466,0.0080808080808080218,0.33890431957123024,exact McNemar,,,,0.33890431957123024,1,False,False,False,False,False
MFEFNet,Grade,UCSF,f1,495,396,0.91520861372812923,0.90982503364737555,0.0053835800807536804,0.31543090384515404,exact paired swap,,,,0.31543090384515404,1,False,False,False,False,False
MFEFNet,Grade,UCSF,mcc,495,396,0.68838120352133136,0.66631770340846819,0.022063500112863177,0.27122409235430323,exact paired swap,,,,0.27122409235430323,1,False,False,False,False,False
MTTU-Net,Grade,UCSF,roc_auc,495,396,0.95464748495051532,0.91962554841342725,0.035021936537088072,0.0014953516602143721,paired DeLong,0.00013917142345724439,,,0.0089721099612862336,0.30355638702351756,True,False,False,True,False
MTTU-Net,Grade,UCSF,accuracy,495,396,0.87272727272727268,0.81414141414141417,0.058585858585858519,0.00031808649822518092,exact McNemar,,,,0.00095425949467554277,0.076340759574043418,True,False,False,True,False
MTTU-Net,Grade,UCSF,f1,495,396,0.91520861372812923,0.87257617728531855,0.042632436442810673,0.00021636616971248599,exact paired swap,,,,0.00064909850913745797,0.053875176258409013,True,False,False,True,False
MTTU-Net,Grade,UCSF,mcc,495,396,0.68838120352133136,0.57728083920570683,0.11110036431562453,0.00087286359923909951,exact paired swap,,,,0.003491454396956398,0.1894114010348846,True,False,False,True,False
PrognosAIs WHO-2016 MTL,Grade,UCSF,roc_auc,495,396,0.95464748495051532,0.94219977553310885,0.012447709417406472,0.12018620041307704,paired DeLong,0.00011240895178959799,,,0.28445721771020066,1,False,False,False,False,False
PrognosAIs WHO-2016 MTL,Grade,UCSF,accuracy,495,396,0.87272727272727268,0.77575757575757576,0.096969696969696928,4.0277492633705524e-09,exact McNemar,,,,2.8194244843593867e-08,1.8124871685167486e-06,True,False,False,True,True
PrognosAIs WHO-2016 MTL,Grade,UCSF,f1,495,396,0.91520861372812923,0.83795620437956209,0.077252409348567141,5.0250867503150208e-10,exact paired swap,,,,3.5175607252205146e-09,2.3517405991474298e-07,True,False,False,True,True
PrognosAIs WHO-2016 MTL,Grade,UCSF,mcc,495,396,0.68838120352133136,0.57173091466870973,0.11665028885262163,1.3707357148538695e-05,exact paired swap,,,,8.2244142891232166e-05,0.0043589395732353048,True,False,False,True,True
ResNet10 3D,Grade,UCSF,roc_auc,495,396,0.95464748495051532,0.92503315988164481,0.029614325068870517,0.0074126682937963005,paired DeLong,0.00014771643778788141,,,0.029650673175185202,1,True,False,False,True,False
ResNet10 3D,Grade,UCSF,accuracy,495,396,0.87272727272727268,0.6646464646464646,0.20808080808080809,1.5449108277317303e-23,exact McNemar,,,,2.0083840760512493e-22,9.7174891064325835e-21,True,False,False,True,True
ResNet10 3D,Grade,UCSF,f1,495,396,0.91520861372812923,0.73566878980891715,0.17953982391921208,1.1007247783551063e-25,exact paired swap,,,,1.5410146896971488e-24,7.1326965637410884e-23,True,False,False,True,True
ResNet10 3D,Grade,UCSF,mcc,495,396,0.68838120352133136,0.45948781063106159,0.22889339289026978,9.8263050062496561e-15,exact paired swap,,,,1.1791566007499587e-13,5.4437729734623096e-12,True,False,False,True,True
ResNet18 2.5D,Grade,UCSF,roc_auc,495,396,0.95464748495051532,0.90541781450872372,0.049229670441791606,6.9109181270784668e-07,paired DeLong,0.00010399179999081037,,,7.6020099397863134e-06,0.00026261488882898176,True,False,False,True,True
ResNet18 2.5D,Grade,UCSF,accuracy,495,396,0.87272727272727268,0.60202020202020201,0.27070707070707067,1.7508317704715777e-32,exact McNemar,,,,3.1514971868488398e-31,1.1748081179864287e-29,True,False,False,True,True
ResNet18 2.5D,Grade,UCSF,f1,495,396,0.91520861372812923,0.671118530884808,0.24409008284332123,6.0414031496888574e-35,exact paired swap,,,,1.0874525669439943e-33,4.0658643197406012e-32,True,False,False,True,True
ResNet18 2.5D,Grade,UCSF,mcc,495,396,0.68838120352133136,0.39635821934930537,0.29202298417202599,7.6478585327764511e-23,exact paired swap,,,,1.2236573652442322e-21,4.7722637244525053e-20,True,False,False,True,True
ResNet18 3D,Grade,UCSF,roc_auc,495,396,0.95464748495051532,0.92306907458422605,0.031578410366289278,0.0058367320914775025,paired DeLong,0.00015679673252901735,,,0.029183660457387513,1,True,False,False,True,False
ResNet18 3D,Grade,UCSF,accuracy,495,396,0.87272727272727268,0.78585858585858581,0.086868686868686873,4.4549239841674377e-07,exact McNemar,,,,2.6729543905004626e-06,0.00017374203538253008,True,False,False,True,True
ResNet18 3D,Grade,UCSF,f1,495,396,0.91520861372812923,0.84813753581661888,0.067071077911510346,1.1815293559556762e-07,exact paired swap,,,,7.0891761357340567e-07,4.7970091851800454e-05,True,False,False,True,True
ResNet18 3D,Grade,UCSF,mcc,495,396,0.68838120352133136,0.563322090624363,0.12505911289696836,7.7025075945508768e-05,exact paired swap,,,,0.00038512537972754384,0.021381844415428283,True,False,False,True,True
Swin-S,Grade,UCSF,roc_auc,495,396,0.95464748495051532,0.88039485766758496,0.074252627282930361,1.6827660535398399e-06,paired DeLong,0.00025529973027260395,,,1.6827660535398398e-05,0.00060916131138142205,True,False,False,True,True
Swin-S,Grade,UCSF,accuracy,495,396,0.87272727272727268,0.77777777777777779,0.094949494949494895,9.5936962514376638e-07,exact McNemar,,,,4.7968481257188315e-06,0.00035953521728515625,True,False,False,True,True
Swin-S,Grade,UCSF,f1,495,396,0.91520861372812923,0.84636871508379885,0.068839898644330377,9.8449031235370409e-07,exact paired swap,,,,3.9379612494148164e-06,0.00036623039619557791,True,False,False,True,True
Swin-S,Grade,UCSF,mcc,495,396,0.68838120352133136,0.4965281246530035,0.19185307886832786,4.2012178765786413e-07,exact paired swap,,,,2.9408525136050489e-06,0.00016426761897422488,True,False,False,True,True
AGGN,IDH,UCSF,roc_auc,495,103,0.95321478105805435,0.91626213592233019,0.03695264513572416,0.02220385867136225,paired DeLong,0.00033791159845363391,,,0.11637962572248431,1,True,False,False,False,False
AGGN,IDH,UCSF,accuracy,495,103,0.92525252525252522,0.7656565656565657,0.15959595959595951,7.3637578711286737e-15,exact McNemar,,,,8.1001336582415408e-14,4.1016131342186716e-12,True,False,False,True,True
AGGN,IDH,UCSF,f1,495,103,0.82790697674418601,0.61842105263157898,0.20948592411260702,1.3314088857656769e-11,exact paired swap,,,,1.1982679971891092e-10,6.7502430508319813e-09,True,False,False,True,True
AGGN,IDH,UCSF,mcc,495,103,0.78138872056826103,0.52873812030471357,0.25265060026354746,3.4347322101514673e-10,exact paired swap,,,,2.0608393260908803e-09,1.6246283354016439e-07,True,False,False,True,True
CMTLNet,IDH,UCSF,roc_auc,495,103,0.95321478105805435,0.93818109768179114,0.015033683376263207,0.11835771670299045,paired DeLong,0.00016143127866066048,,,0.14758741883870174,1,False,False,False,False,False
CMTLNet,IDH,UCSF,accuracy,495,103,0.92525252525252522,0.88080808080808082,0.044444444444444398,0.0022807663732041096,exact McNemar,,,,0.0022807663732041096,0.44474944277480138,True,False,False,True,False
CMTLNet,IDH,UCSF,f1,495,103,0.82790697674418601,0.7531380753138075,0.074768901430378509,0.0064597403010862768,exact paired swap,,,,0.0064597403010862768,1,True,False,False,True,False
CMTLNet,IDH,UCSF,mcc,495,103,0.78138872056826103,0.68789024141049815,0.093498479157762882,0.007132869287552265,exact paired swap,,,,0.007132869287552265,1,True,False,False,True,False
DenseNet121 3D,IDH,UCSF,roc_auc,495,103,0.95321478105805435,0.93382207251832783,0.019392708539726522,0.064130297317197993,paired DeLong,0.00016256244998695557,,,0.14758741883870174,1,False,False,False,False,False
DenseNet121 3D,IDH,UCSF,accuracy,495,103,0.92525252525252522,0.78989898989898988,0.13535353535353534,2.9587791867664301e-14,exact McNemar,,,,2.6193835907845121e-13,1.6214109943480037e-11,True,False,False,True,True
DenseNet121 3D,IDH,UCSF,f1,495,103,0.82790697674418601,0.64383561643835618,0.18407136030582982,2.6555025573688714e-11,exact paired swap,,,,1.85885179015821e-10,1.3197847710123291e-08,True,False,False,True,True
DenseNet121 3D,IDH,UCSF,mcc,495,103,0.78138872056826103,0.5600446802968545,0.22134404027140653,2.3625409624967834e-10,exact paired swap,,,,2.0095390224686191e-09,1.1316571210359592e-07,True,False,False,True,True
EfficientNet-B0 3D,IDH,UCSF,roc_auc,495,103,0.95321478105805435,0.90940162472756092,0.04381315633049343,0.001418895324948402,paired DeLong,0.00021546830813561304,,,0.012770057924535618,0.29087354161442242,True,False,False,True,False
EfficientNet-B0 3D,IDH,UCSF,accuracy,495,103,0.92525252525252522,0.77373737373737372,0.15151515151515149,1.6382461471060304e-14,exact McNemar,,,,1.6382461471060304e-13,9.0103538090831674e-12,True,False,False,True,True
EfficientNet-B0 3D,IDH,UCSF,f1,495,103,0.82790697674418601,0.6216216216216216,0.20628535512256441,1.6705116490960643e-11,exact paired swap,,,,1.3364093192768514e-10,8.4527889444260858e-09,True,False,False,True,True
EfficientNet-B0 3D,IDH,UCSF,mcc,495,103,0.78138872056826103,0.52896849292889447,0.25242022763936656,2.4808288878932769e-10,exact paired swap,,,,2.0095390224686191e-09,1.1858362084129864e-07,True,False,False,True,True
GlioMT image-only Transformer,IDH,UCSF,roc_auc,495,103,0.95321478105805435,0.84629482861105609,0.10691995244699826,5.0507356408139888e-07,paired DeLong,0.00047814731434335126,,,6.0608827689767866e-06,0.00019495839573541998,True,False,False,True,True
GlioMT image-only Transformer,IDH,UCSF,accuracy,495,103,0.92525252525252522,0.80202020202020197,0.12323232323232325,1.36027164761057e-10,exact McNemar,,,,6.8013582380528495e-10,6.583714774435159e-08,True,False,False,True,True
GlioMT image-only Transformer,IDH,UCSF,f1,495,103,0.82790697674418601,0.58823529411764708,0.23967168262653893,9.9725802146924073e-11,exact paired swap,,,,5.9835481288154449e-10,4.8466739843405098e-08,True,False,False,True,True
GlioMT image-only Transformer,IDH,UCSF,mcc,495,103,0.78138872056826103,0.46831024492630852,0.31307847564195251,9.9742597950372895e-11,exact paired swap,,,,9.9742597950372887e-10,4.8466739843405098e-08,True,False,False,True,True
2.5D Hybrid MTL,IDH,UCSF,roc_auc,495,103,0.95321478105805435,0.90194670101050134,0.051268080047553011,0.00019129449872174863,paired DeLong,0.00020835038928603792,,,0.0019129449872174863,0.048588802675324151,True,False,False,True,True
2.5D Hybrid MTL,IDH,UCSF,accuracy,495,103,0.92525252525252522,0.8545454545454545,0.070707070707070718,3.8325841902227265e-06,exact McNemar,,,,1.1497752570668179e-05,0.0013337392981975088,True,False,False,True,True
2.5D Hybrid MTL,IDH,UCSF,f1,495,103,0.82790697674418601,0.68965517241379315,0.13825180433039286,6.7475402052048772e-06,exact paired swap,,,,2.0242620615614632e-05,0.002253678428538429,True,False,False,True,True
2.5D Hybrid MTL,IDH,UCSF,mcc,495,103,0.78138872056826103,0.60266132490977176,0.17872739565848927,6.7475402052048772e-06,exact paired swap,,,,2.0242620615614632e-05,0.002253678428538429,True,False,False,True,True
MFEFNet,IDH,UCSF,roc_auc,495,103,0.95321478105805435,0.90890628095898562,0.044308500099068726,0.0018922618331942958,paired DeLong,0.00023415391466750519,,,0.015138094665554366,0.37845236663885917,True,False,False,True,False
MFEFNet,IDH,UCSF,accuracy,495,103,0.92525252525252522,0.86262626262626263,0.062626262626262585,3.2653152224566828e-05,exact McNemar,,,,6.5306304449133656e-05,0.0097803561774273615,True,False,False,True,True
MFEFNet,IDH,UCSF,f1,495,103,0.82790697674418601,0.70940170940170943,0.11850526734247657,7.9766119331123252e-05,exact paired swap,,,,0.0001595322386622465,0.022015448935390019,True,False,False,True,True
MFEFNet,IDH,UCSF,mcc,495,103,0.78138872056826103,0.6288328135610205,0.15255590700724053,7.9766119331123252e-05,exact paired swap,,,,0.0001595322386622465,0.022015448935390019,True,False,False,True,True
MTTU-Net,IDH,UCSF,roc_auc,495,103,0.95321478105805435,0.92693679413512975,0.026277986922924601,0.016625660817497757,paired DeLong,0.00015234154982666115,,,0.11637962572248431,1,True,False,False,False,False
MTTU-Net,IDH,UCSF,accuracy,495,103,0.92525252525252522,0.83838383838383834,0.086868686868686873,8.4188167150610858e-08,exact McNemar,,,,3.3675266860244343e-07,3.4685524866051674e-05,True,False,False,True,True
MTTU-Net,IDH,UCSF,f1,495,103,0.82790697674418601,0.6875,0.14040697674418601,1.1581926198364967e-06,exact paired swap,,,,4.6327704793459868e-06,0.00042621488409983079,True,False,False,True,True
MTTU-Net,IDH,UCSF,mcc,495,103,0.78138872056826103,0.6048393018667968,0.17654941870146423,2.361765877917342e-06,exact paired swap,,,,9.4470635116693678e-06,0.00083842688666065643,True,False,False,True,True
PrognosAIs WHO-2016 MTL,IDH,UCSF,roc_auc,495,103,0.95321478105805435,0.93080047553001777,0.022414305528036582,0.047358323229207286,paired DeLong,0.0001799220680590707,,,0.14758741883870174,1,True,False,False,False,False
PrognosAIs WHO-2016 MTL,IDH,UCSF,accuracy,495,103,0.92525252525252522,0.75757575757575757,0.16767676767676765,1.7427086531121188e-17,exact McNemar,,,,2.4397921143569664e-16,1.0194845620705895e-14,True,False,False,True,True
PrognosAIs WHO-2016 MTL,IDH,UCSF,f1,495,103,0.82790697674418601,0.61538461538461542,0.21252236135957059,1.7353412819347932e-12,exact paired swap,,,,1.7353412819347932e-11,9.0411280788802726e-10,True,False,False,True,True
PrognosAIs WHO-2016 MTL,IDH,UCSF,mcc,495,103,0.78138872056826103,0.52910102309782236,0.25228769747043867,2.2328211360762434e-10,exact paired swap,,,,2.0095390224686191e-09,1.0739869664526731e-07,True,False,False,True,True
ResNet10 3D,IDH,UCSF,roc_auc,495,103,0.95321478105805435,0.92094313453536747,0.032271646522686881,0.019097727566022665,paired DeLong,0.00024240856740152041,,,0.11637962572248431,1,True,False,False,False,False
ResNet10 3D,IDH,UCSF,accuracy,495,103,0.92525252525252522,0.65656565656565657,0.26868686868686864,5.1182422305316365e-31,exact McNemar,,,,9.7246602380101099e-30,3.4292222944561965e-28,True,False,False,True,True
ResNet10 3D,IDH,UCSF,f1,495,103,0.82790697674418601,0.53296703296703296,0.29493994377715305,6.9353227192357906e-24,exact paired swap,,,,1.3177113166548003e-22,4.4108652494339625e-21,True,False,False,True,True
ResNet10 3D,IDH,UCSF,mcc,495,103,0.78138872056826103,0.42555017532371125,0.35583854524454978,3.318489719695024e-20,exact paired swap,,,,5.9732814954510434e-19,1.9844568523776244e-17,True,False,False,True,True
ResNet18 2.5D,IDH,UCSF,roc_auc,495,103,0.95321478105805435,0.89414503665543887,0.059069744402615476,2.4643775658452311e-05,paired DeLong,0.00021178557564750002,,,0.00027108153224297544,0.0075656391271448596,True,False,False,True,True
ResNet18 2.5D,IDH,UCSF,accuracy,495,103,0.92525252525252522,0.8101010101010101,0.11515151515151512,6.6665966131493592e-11,exact McNemar,,,,3.9999579678896155e-10,3.2532991472168873e-08,True,False,False,True,True
ResNet18 2.5D,IDH,UCSF,f1,495,103,0.82790697674418601,0.63846153846153841,0.18944543828264759,1.6797689230579598e-09,exact paired swap,,,,8.3988446152897997e-09,7.7269370460666147e-07,True,False,False,True,True
ResNet18 2.5D,IDH,UCSF,mcc,495,103,0.78138872056826103,0.53823711001308505,0.24315161055517598,4.3658050410053256e-09,exact paired swap,,,,2.1829025205026629e-08,1.9515148533293805e-06,True,False,False,True,True
ResNet18 3D,IDH,UCSF,roc_auc,495,103,0.95321478105805435,0.92849712700614229,0.024717654051912064,0.036896854709675436,paired DeLong,0.00019113171933573861,,,0.14758741883870174,1,True,False,False,False,False
ResNet18 3D,IDH,UCSF,accuracy,495,103,0.92525252525252522,0.72929292929292933,0.19595959595959589,1.3062325597072816e-20,exact McNemar,,,,2.2205953515023787e-19,7.8373953582436901e-18,True,False,False,True,True
ResNet18 3D,IDH,UCSF,f1,495,103,0.82790697674418601,0.5864197530864198,0.2414872236577662,5.3413083884227218e-16,exact paired swap,,,,6.9437009049495384e-15,3.0338631646241059e-13,True,False,False,True,True
ResNet18 3D,IDH,UCSF,mcc,495,103,0.78138872056826103,0.49067455161054518,0.29071416895771585,8.2272423321804584e-14,exact paired swap,,,,9.8726907986165506e-13,4.4344836170452668e-11,True,False,False,True,True
Swin-S,IDH,UCSF,roc_auc,495,103,0.95321478105805435,0.75688527838319797,0.19632950267485638,7.0141359770782311e-15,paired DeLong,0.00065077340835188605,,,1.332685835644864e-13,3.9138878752096527e-12,True,False,False,True,True
Swin-S,IDH,UCSF,accuracy,495,103,0.92525252525252522,0.68080808080808086,0.24444444444444435,1.8928744365847296e-25,exact McNemar,,,,3.4071739858525131e-24,1.22468976047032e-22,True,False,False,True,True
Swin-S,IDH,UCSF,f1,495,103,0.82790697674418601,0.46258503401360546,0.36532194273058055,2.4034455028454571e-22,exact paired swap,,,,4.3262019051218226e-21,1.4925396572670289e-19,True,False,False,True,True
Swin-S,IDH,UCSF,mcc,495,103,0.78138872056826103,0.28887466416290813,0.4925140564053529,2.5779693341762033e-22,exact paired swap,,,,4.8981417349347866e-21,1.5983409871892461e-19,True,False,False,True,True
AGGN,1p/19q,UCSF,roc_auc,404,15,0.92476435304198801,0.77343616109682944,0.15132819194515856,0.0022639650741162194,paired DeLong,0.0028415871223551781,,,0.027167580889394631,0.44373715452677898,True,False,False,True,False
AGGN,1p/19q,UCSF,accuracy,404,15,0.84653465346534651,0.47524752475247523,0.37128712871287128,2.0304240078113958e-33,exact McNemar,,,,3.2486784124982333e-32,1.3644449332492581e-30,True,False,False,True,True
AGGN,1p/19q,UCSF,f1,404,15,0.26190476190476192,0.1092436974789916,0.15266106442577032,1.4942388360239732e-21,exact paired swap,,,,2.3907821376383572e-20,9.0999145113859964e-19,True,False,False,True,True
AGGN,1p/19q,UCSF,mcc,404,15,0.2935348174107989,0.12426205853600898,0.16927275887478993,3.4186514200298293e-12,exact paired swap,,,,6.1535725560536935e-11,1.7708614355754517e-09,True,False,False,True,True
CMTLNet,1p/19q,UCSF,roc_auc,404,15,0.92476435304198801,0.83838903170522716,0.086375321336760846,0.037290264151257073,paired DeLong,0.0023467097778858189,,,0.14916105660502829,1,True,False,False,False,False
CMTLNet,1p/19q,UCSF,accuracy,404,15,0.84653465346534651,0.87128712871287128,-0.024752475247524774,0.93682646209303932,exact McNemar,,,,1,1,False,False,False,False,False
CMTLNet,1p/19q,UCSF,f1,404,15,0.26190476190476192,0.23529411764705882,0.026610644257703098,0.31107343509373531,exact paired swap,,,,0.31107343509373531,1,False,False,False,False,False
CMTLNet,1p/19q,UCSF,mcc,404,15,0.2935348174107989,0.23390720847586632,0.059627608934932574,0.22234251174749009,exact paired swap,,,,0.44468502349498018,1,False,False,False,False,False
DenseNet121 3D,1p/19q,UCSF,roc_auc,404,15,0.92476435304198801,0.83410454155955438,0.090659811482433628,0.045922559930876579,paired DeLong,0.0028923202810638249,,,0.14916105660502829,1,True,False,False,False,False
DenseNet121 3D,1p/19q,UCSF,accuracy,404,15,0.84653465346534651,0.42821782178217821,0.4183168316831683,1.0309013904910638e-43,exact McNemar,,,,1.7525323638348085e-42,6.9585843858146809e-41,True,False,False,True,True
DenseNet121 3D,1p/19q,UCSF,f1,404,15,0.26190476190476192,0.10810810810810811,0.1537966537966538,2.6488231158257846e-22,exact paired swap,,,,4.5029992969038335e-21,1.6369726855803348e-19,True,False,False,True,True
DenseNet121 3D,1p/19q,UCSF,mcc,404,15,0.2935348174107989,0.13224680917546724,0.16128800823533165,2.7294635902193457e-08,exact paired swap,,,,3.8212490263070839e-07,1.1572925622530026e-05,True,False,False,True,True
EfficientNet-B0 3D,1p/19q,UCSF,roc_auc,404,15,0.92476435304198801,0.67043701799485855,0.25432733504712945,5.2645003658649672e-05,paired DeLong,0.0043008630335986666,,,0.00094761006585569415,0.015123367309570342,True,False,False,True,True
EfficientNet-B0 3D,1p/19q,UCSF,accuracy,404,15,0.84653465346534651,0.33663366336633666,0.50990099009900991,1.2865974338600733e-52,exact McNemar,,,,2.4445351243341394e-51,8.761728524587099e-50,True,False,False,True,True
EfficientNet-B0 3D,1p/19q,UCSF,f1,404,15,0.26190476190476192,0.0945945945945946,0.16731016731016732,2.8038076480691501e-30,exact paired swap,,,,5.3272345313313853e-29,1.8757473165582615e-27,True,False,False,True,True
EfficientNet-B0 3D,1p/19q,UCSF,mcc,404,15,0.2935348174107989,0.10147004078864055,0.19206477662215835,4.6725729111443851e-13,exact paired swap,,,,8.8778885311743324e-12,2.4717910699953797e-10,True,False,False,True,True
GlioMT image-only Transformer,1p/19q,UCSF,roc_auc,404,15,0.92476435304198801,0.83804627249357333,0.086718080548414678,0.015263738208126197,paired DeLong,0.0016070697203473113,,,0.091582429248757188,1,True,False,False,False,False
GlioMT image-only Transformer,1p/19q,UCSF,accuracy,404,15,0.84653465346534651,0.60148514851485146,0.24504950495049505,1.5129971643822977e-21,exact McNemar,,,,1.6642968808205275e-20,9.1990227594443693e-19,True,False,False,True,True
GlioMT image-only Transformer,1p/19q,UCSF,f1,404,15,0.26190476190476192,0.13903743315508021,0.1228673287496817,1.026341850216428e-07,exact paired swap,,,,9.2370766519478529e-07,4.1977381673851908e-05,True,False,False,True,True
GlioMT image-only Transformer,1p/19q,UCSF,mcc,404,15,0.2935348174107989,0.17510873381124933,0.11842608359954956,0.018229867145246839,exact paired swap,,,,0.14583893716197471,1,True,False,False,False,False
2.5D Hybrid MTL,1p/19q,UCSF,roc_auc,404,15,0.92476435304198801,0.82776349614395883,0.097000856898029175,0.011576875176769306,paired DeLong,0.0018245663331235157,,,0.088872667614050466,1,True,False,False,False,False
2.5D Hybrid MTL,1p/19q,UCSF,accuracy,404,15,0.84653465346534651,0.6410891089108911,0.20544554455445541,2.0493640743777671e-16,exact McNemar,,,,1.4345548520644371e-15,1.1763349786928384e-13,True,False,False,True,True
2.5D Hybrid MTL,1p/19q,UCSF,f1,404,15,0.26190476190476192,0.15204678362573099,0.10985797827903093,3.2326466502948116e-05,exact paired swap,,,,0.00022628526552063681,0.0097302664173873829,True,False,False,True,True
2.5D Hybrid MTL,1p/19q,UCSF,mcc,404,15,0.2935348174107989,0.1938129539812061,0.0997218634295928,0.04637233361646214,exact paired swap,,,,0.23186166808231071,1,True,False,False,False,False
MFEFNet,1p/19q,UCSF,roc_auc,404,15,0.92476435304198801,0.87300771208226224,0.051756640959725764,0.12787923538295393,paired DeLong,0.0020740230375090717,,,0.25575847076590785,1,False,False,False,False,False
MFEFNet,1p/19q,UCSF,accuracy,404,15,0.84653465346534651,0.71039603960396036,0.13613861386138615,2.5771044041232744e-11,exact McNemar,,,,1.2885522020616372e-10,1.2859750976575139e-08,True,False,False,True,True
MFEFNet,1p/19q,UCSF,f1,404,15,0.26190476190476192,0.18181818181818182,0.080086580086580095,0.00026487392368186884,exact paired swap,,,,0.001589243542091213,0.064364363454694123,True,False,False,True,False
MFEFNet,1p/19q,UCSF,mcc,404,15,0.2935348174107989,0.23207322458759211,0.06146159282320679,0.10198298943251305,exact paired swap,,,,0.30594896829753915,1,False,False,False,False,False
MTTU-Net,1p/19q,UCSF,roc_auc,404,15,0.92476435304198801,0.81148243359040273,0.11328191945158528,0.011109083451756308,paired DeLong,0.0024543370562323786,,,0.088872667614050466,1,True,False,False,False,False
MTTU-Net,1p/19q,UCSF,accuracy,404,15,0.84653465346534651,0.58168316831683164,0.26485148514851486,1.3417168405529993e-24,exact McNemar,,,,1.6100602086635992e-23,8.6406564531613153e-22,True,False,False,True,True
MTTU-Net,1p/19q,UCSF,f1,404,15,0.26190476190476192,0.12435233160621761,0.1375524302985443,1.9958369190211368e-13,exact paired swap,,,,2.7941716866295917e-12,1.0677727516763082e-10,True,False,False,True,True
MTTU-Net,1p/19q,UCSF,mcc,404,15,0.2935348174107989,0.14215862837388579,0.15137618903691311,2.7562684407504882e-06,exact paired swap,,,,3.5831489729756344e-05,0.00097571902802567282,True,False,False,True,True
PrognosAIs WHO-2016 MTL,1p/19q,UCSF,roc_auc,404,15,0.92476435304198801,0.89631533847472156,0.028449014567266451,0.13598829797508472,paired DeLong,0.00067068238540817101,,,0.25575847076590785,1,False,False,False,False,False
PrognosAIs WHO-2016 MTL,1p/19q,UCSF,accuracy,404,15,0.84653465346534651,0.66089108910891092,0.18564356435643559,1.2141852043719991e-17,exact McNemar,,,,9.7134816349759925e-17,7.1394090017073545e-15,True,False,False,True,True
PrognosAIs WHO-2016 MTL,1p/19q,UCSF,f1,404,15,0.26190476190476192,0.17964071856287425,0.082264043341887666,0.002620112532632841,exact paired swap,,,,0.010480450130531364,0.50306160626550545,True,False,False,True,False
PrognosAIs WHO-2016 MTL,1p/19q,UCSF,mcc,404,15,0.2935348174107989,0.25284205141365068,0.040692765997148217,0.26738586122017716,exact paired swap,,,,0.44468502349498018,1,False,False,False,False,False
ResNet10 3D,1p/19q,UCSF,roc_auc,404,15,0.92476435304198801,0.7532133676092545,0.1715509854327335,0.004590695301398739,paired DeLong,0.0043360662814793819,,,0.050497648315386126,0.81255306834757679,True,False,False,False,False
ResNet10 3D,1p/19q,UCSF,accuracy,404,15,0.84653465346534651,0.58910891089108908,0.25742574257425743,1.6397938018695301e-19,exact McNemar,,,,1.63979380186953e-18,9.7567731211237042e-17,True,False,False,True,True
ResNet10 3D,1p/19q,UCSF,f1,404,15,0.26190476190476192,0.12631578947368421,0.1355889724310777,1.4815723604399362e-07,exact paired swap,,,,1.185257888351949e-06,5.926289441759745e-05,True,False,False,True,True
ResNet10 3D,1p/19q,UCSF,mcc,404,15,0.2935348174107989,0.14537250262553286,0.14816231478526604,0.0078370338941300809,exact paired swap,,,,0.07053330504717073,1,True,False,False,False,False
ResNet18 2.5D,1p/19q,UCSF,roc_auc,404,15,0.92476435304198801,0.83873179091688088,0.086032562125107126,0.021246500409023174,paired DeLong,0.0017984876807886842,,,0.10623250204511588,1,True,False,False,False,False
ResNet18 2.5D,1p/19q,UCSF,accuracy,404,15,0.84653465346534651,0.5643564356435643,0.28217821782178221,1.8185041274951627e-26,exact McNemar,,,,2.3640553657437115e-25,1.1893016993818364e-23,True,False,False,True,True
ResNet18 2.5D,1p/19q,UCSF,f1,404,15,0.26190476190476192,0.12871287128712872,0.1331918906176332,1.7535116402936041e-10,exact paired swap,,,,1.9288628043229645e-09,8.4519261062151715e-08,True,False,False,True,True
ResNet18 2.5D,1p/19q,UCSF,mcc,404,15,0.2935348174107989,0.15902407166279947,0.13451074574799943,0.0029769729593727939,exact paired swap,,,,0.032746702553100734,0.56860183524020369,True,False,False,True,False
ResNet18 3D,1p/19q,UCSF,roc_auc,404,15,0.92476435304198801,0.77446443873179083,0.15029991431019718,0.0085344532096369285,paired DeLong,0.0039706403378809499,,,0.0804249389756789,1,True,False,False,False,False
ResNet18 3D,1p/19q,UCSF,accuracy,404,15,0.84653465346534651,0.40346534653465349,0.44306930693069302,2.8011267589224284e-44,exact McNemar,,,,5.0420281660603713e-43,1.8963628157904839e-41,True,False,False,True,True
ResNet18 3D,1p/19q,UCSF,f1,404,15,0.26190476190476192,0.10408921933085502,0.1578155425739069,9.049569763594979e-24,exact paired swap,,,,1.6289225574470962e-22,5.7374272301192169e-21,True,False,False,True,True
ResNet18 3D,1p/19q,UCSF,mcc,404,15,0.2935348174107989,0.12380802013231004,0.16972679727848886,1.5690425248572236e-09,exact paired swap,,,,2.5104680397715578e-08,7.2332860395918013e-07,True,False,False,True,True
Swin-S,1p/19q,UCSF,roc_auc,404,15,0.92476435304198801,0.67163667523564696,0.25312767780634104,3.5466986107693015e-05,paired DeLong,0.0040589478554678097,,,0.00067387273604616732,0.010498227887877132,True,False,False,True,True
Swin-S,1p/19q,UCSF,accuracy,404,15,0.84653465346534651,0.51237623762376239,0.33415841584158412,1.3746808279464768e-28,exact McNemar,,,,2.0620212419197151e-27,9.1141338892851411e-26,True,False,False,True,True
Swin-S,1p/19q,UCSF,f1,404,15,0.26190476190476192,0.11659192825112108,0.14531283365364084,2.1485393779308082e-13,exact paired swap,,,,2.7941716866295917e-12,1.1451714884371208e-10,True,False,False,True,True
Swin-S,1p/19q,UCSF,mcc,404,15,0.2935348174107989,0.13823151472785095,0.15530330268294795,0.00015363755732382699,exact paired swap,,,,0.0018436506878859238,0.039638489789547364,True,False,False,True,True
AGGN,Grade,Xijing,roc_auc,92,73,0.92285508291276142,0.86950252343186729,0.053352559480894124,0.05896336137057194,paired DeLong,0.0011643809625791869,,,0.64859697507629133,1,False,False,False,False,False
AGGN,Grade,Xijing,accuracy,92,73,0.89130434782608692,0.85869565217391308,0.032608695652173836,0.2744140625,exact McNemar,,,,1,1,False,False,False,False,False
AGGN,Grade,Xijing,f1,92,73,0.9285714285714286,0.90780141843971629,0.020770010131712313,0.27441406250000006,exact paired swap,,,,1,1,False,False,False,False,False
AGGN,Grade,Xijing,mcc,92,73,0.71446711393530837,0.61414887900486637,0.10031823493044201,0.17041015624999997,exact paired swap,,,,1,1,False,False,False,False,False
CMTLNet,Grade,Xijing,roc_auc,92,73,0.92285508291276142,0.88536409516943049,0.037490987743330928,0.13679529764705856,paired DeLong,0.0011726257732145133,,,1,1,False,False,False,False,False
CMTLNet,Grade,Xijing,accuracy,92,73,0.89130434782608692,0.77173913043478259,0.11956521739130432,0.00048828125,exact McNemar,,,,0.00634765625,0.11376953124999999,True,False,False,True,False
CMTLNet,Grade,Xijing,f1,92,73,0.9285714285714286,0.83720930232558144,0.091362126245847164,0.00048828125,exact paired swap,,,,0.005859375,0.11376953124999999,True,False,False,True,False
CMTLNet,Grade,Xijing,mcc,92,73,0.71446711393530837,0.52625856568558649,0.18820854824972189,0.00048828125,exact paired swap,,,,0.005859375,0.11376953124999999,True,False,False,True,False
DenseNet121 3D,Grade,Xijing,roc_auc,92,73,0.92285508291276142,0.90987743330930071,0.012977649603460706,0.23168656206372695,paired DeLong,0.00031320172940606581,,,1,1,False,False,False,False,False
DenseNet121 3D,Grade,Xijing,accuracy,92,73,0.89130434782608692,0.83695652173913049,0.05434782608695643,0.03125,exact McNemar,,,,0.25,1,True,False,False,False,False
DenseNet121 3D,Grade,Xijing,f1,92,73,0.9285714285714286,0.88888888888888884,0.039682539682539764,0.03125,exact paired swap,,,,0.25,1,True,False,False,False,False
DenseNet121 3D,Grade,Xijing,mcc,92,73,0.71446711393530837,0.61885895800623825,0.095608155929070127,0.03125,exact paired swap,,,,0.25,1,True,False,False,False,False
EfficientNet-B0 3D,Grade,Xijing,roc_auc,92,73,0.92285508291276142,0.8211968276856525,0.10165825522710892,0.0074531868760324025,paired DeLong,0.0017434670055384918,,,0.089438242512388827,1,True,False,False,False,False
EfficientNet-B0 3D,Grade,Xijing,accuracy,92,73,0.89130434782608692,0.51086956521739135,0.38043478260869557,2.9103830456733704e-11,exact McNemar,,,,5.2386894822120667e-10,1.4406396076083183e-08,True,False,False,True,True
EfficientNet-B0 3D,Grade,Xijing,f1,92,73,0.9285714285714286,0.5714285714285714,0.35714285714285721,2.9103830456733704e-11,exact paired swap,,,,5.2386894822120667e-10,1.4406396076083183e-08,True,False,False,True,True
EfficientNet-B0 3D,Grade,Xijing,mcc,92,73,0.71446711393530837,0.25982265225042744,0.45464446168488093,2.9103830456733704e-11,exact paired swap,,,,5.5297277867794037e-10,1.4406396076083183e-08,True,False,False,True,True
GlioMT image-only Transformer,Grade,Xijing,roc_auc,92,73,0.92285508291276142,0.72025955299206923,0.20259552992069219,0.00025541618420626733,paired DeLong,0.0033989701119694379,,,0.0035758265788877427,0.062321548946329228,True,False,False,True,False
GlioMT image-only Transformer,Grade,Xijing,accuracy,92,73,0.89130434782608692,0.66304347826086951,0.22826086956521741,5.1857903599739075e-05,exact McNemar,,,,0.00072601065039634705,0.014986934140324593,True,False,False,True,True
GlioMT image-only Transformer,Grade,Xijing,f1,92,73,0.9285714285714286,0.76335877862595425,0.16521264994547435,5.2511692047119242e-05,exact paired swap,,,,0.00073516368865966938,0.015123367309570342,True,False,False,True,True
GlioMT image-only Transformer,Grade,Xijing,mcc,92,73,0.71446711393530837,0.22130406921058998,0.49316304472471839,2.0576640963554521e-05,exact paired swap,,,,0.0002880729734897633,0.0063993353396654563,True,False,False,True,True
2.5D Hybrid MTL,Grade,Xijing,roc_auc,92,73,0.92285508291276142,0.91420331651045417,0.0086517664023072482,0.35949418268317113,paired DeLong,0.00057817637033228948,,,1,1,False,False,False,False,False
2.5D Hybrid MTL,Grade,Xijing,accuracy,92,73,0.89130434782608692,0.88043478260869568,0.010869565217391242,0.5,exact McNemar,,,,1,1,False,False,False,False,False
2.5D Hybrid MTL,Grade,Xijing,f1,92,73,0.9285714285714286,0.92307692307692313,0.005494505494505475,0.49999999999999989,exact paired swap,,,,1,1,False,False,False,False,False
2.5D Hybrid MTL,Grade,Xijing,mcc,92,73,0.71446711393530837,0.65822819478341366,0.056238919151894717,0.29687499999999989,exact paired swap,,,,1,1,False,False,False,False,False
MFEFNet,Grade,Xijing,roc_auc,92,73,0.92285508291276142,0.91131939437635179,0.011535688536409627,0.28780547237235543,paired DeLong,0.00042462940659137823,,,1,1,False,False,False,False,False
MFEFNet,Grade,Xijing,accuracy,92,73,0.89130434782608692,0.89130434782608692,0,0.65625,exact McNemar,,,,1,1,False,False,False,False,False
MFEFNet,Grade,Xijing,f1,92,73,0.9285714285714286,0.93055555555555558,-0.0019841269841269771,0.65625000000000022,exact paired swap,,,,1,1,False,False,False,False,False
MFEFNet,Grade,Xijing,mcc,92,73,0.71446711393530837,0.68216896130412619,0.032298152631182186,0.39062500000000006,exact paired swap,,,,1,1,False,False,False,False,False
MTTU-Net,Grade,Xijing,roc_auc,92,73,0.92285508291276142,0.89834174477289108,0.024513338139870333,0.20633300668010912,paired DeLong,0.00089539221069565944,,,1,1,False,False,False,False,False
MTTU-Net,Grade,Xijing,accuracy,92,73,0.89130434782608692,0.89130434782608692,0,0.65625,exact McNemar,,,,1,1,False,False,False,False,False
MTTU-Net,Grade,Xijing,f1,92,73,0.9285714285714286,0.92957746478873238,-0.001006036217303774,0.65624999999999978,exact paired swap,,,,1,1,False,False,False,False,False
MTTU-Net,Grade,Xijing,mcc,92,73,0.71446711393530837,0.697611539561794,0.01685557437351437,0.49999999999999989,exact paired swap,,,,1,1,False,False,False,False,False
PrognosAIs WHO-2016 MTL,Grade,Xijing,roc_auc,92,73,0.92285508291276142,0.91925018024513339,0.0036049026676280294,0.37568081615776427,paired DeLong,0.00012944785874903787,,,1,1,False,False,False,False,False
PrognosAIs WHO-2016 MTL,Grade,Xijing,accuracy,92,73,0.89130434782608692,0.85869565217391308,0.032608695652173836,0.1875,exact McNemar,,,,1,1,False,False,False,False,False
PrognosAIs WHO-2016 MTL,Grade,Xijing,f1,92,73,0.9285714285714286,0.9051094890510949,0.023461939520333708,0.1875,exact paired swap,,,,1,1,False,False,False,False,False
PrognosAIs WHO-2016 MTL,Grade,Xijing,mcc,92,73,0.71446711393530837,0.65459466898006613,0.059872444955242243,0.1875,exact paired swap,,,,1,1,False,False,False,False,False
ResNet10 3D,Grade,Xijing,roc_auc,92,73,0.92285508291276142,0.90050468637346792,0.022350396539293493,0.26913028844052,paired DeLong,0.0013188375989471135,,,1,1,False,False,False,False,False
ResNet10 3D,Grade,Xijing,accuracy,92,73,0.89130434782608692,0.78260869565217395,0.10869565217391297,0.0009765625,exact McNemar,,,,0.0107421875,0.21093749999999978,True,False,False,True,False
ResNet10 3D,Grade,Xijing,f1,92,73,0.9285714285714286,0.84615384615384615,0.082417582417582458,0.0009765625,exact paired swap,,,,0.009765625,0.21093749999999978,True,False,False,True,False
ResNet10 3D,Grade,Xijing,mcc,92,73,0.71446711393530837,0.54044314323120402,0.17402397070410436,0.0009765625,exact paired swap,,,,0.009765625,0.21093749999999978,True,False,False,True,False
ResNet18 2.5D,Grade,Xijing,roc_auc,92,73,0.92285508291276142,0.87815428983417443,0.044700793078586987,0.16075093664804457,paired DeLong,0.0020330750036343585,,,1,1,False,False,False,False,False
ResNet18 2.5D,Grade,Xijing,accuracy,92,73,0.89130434782608692,0.75,0.14130434782608692,0.0011749267578125,exact McNemar,,,,0.011749267578125,0.2455596923828125,True,False,False,True,False
ResNet18 2.5D,Grade,Xijing,f1,92,73,0.9285714285714286,0.81889763779527558,0.10967379077615302,0.00037384033203125033,exact paired swap,,,,0.0048599243164062543,0.088600158691406333,True,False,False,True,False
ResNet18 2.5D,Grade,Xijing,mcc,92,73,0.71446711393530837,0.49909725667751509,0.21536985725779328,0.0046386718749999965,exact paired swap,,,,0.041748046874999972,0.81640624999999933,True,False,False,True,False
ResNet18 3D,Grade,Xijing,roc_auc,92,73,0.92285508291276142,0.88752703677000733,0.035328046142754088,0.20362446656500321,paired DeLong,0.0018171793668228017,,,1,1,False,False,False,False,False
ResNet18 3D,Grade,Xijing,accuracy,92,73,0.89130434782608692,0.89130434782608692,0,0.6875,exact McNemar,,,,1,1,False,False,False,False,False
ResNet18 3D,Grade,Xijing,f1,92,73,0.9285714285714286,0.92957746478873238,-0.001006036217303774,0.68750000000000022,exact paired swap,,,,1,1,False,False,False,False,False
ResNet18 3D,Grade,Xijing,mcc,92,73,0.71446711393530837,0.697611539561794,0.01685557437351437,0.50000000000000022,exact paired swap,,,,1,1,False,False,False,False,False
Swin-S,Grade,Xijing,roc_auc,92,73,0.92285508291276142,0.88392213410237919,0.038932948810382229,0.10262122797377538,paired DeLong,0.00094460116804275602,,,1,1,False,False,False,False,False
Swin-S,Grade,Xijing,accuracy,92,73,0.89130434782608692,0.82608695652173914,0.065217391304347783,0.072998046875,exact McNemar,,,,0.510986328125,1,False,False,False,False,False
Swin-S,Grade,Xijing,f1,92,73,0.9285714285714286,0.88571428571428568,0.042857142857142927,0.072998046874999986,exact paired swap,,,,0.51098632812499989,1,False,False,False,False,False
Swin-S,Grade,Xijing,mcc,92,73,0.71446711393530837,0.53339004924646993,0.18107706468883844,0.039062499999999979,exact paired swap,,,,0.27343749999999983,1,True,False,False,False,False
AGGN,IDH,Xijing,roc_auc,105,17,0.98195187165775411,0.97593582887700536,0.0060160427807487427,0.31402221295591781,paired DeLong,0.00015419419720849635,,,0.94206663886775344,1,False,False,False,False,False
AGGN,IDH,Xijing,accuracy,105,17,0.92380952380952386,0.73333333333333328,0.19047619047619058,9.5367431640625e-07,exact McNemar,,,,9.5367431640625e-06,0.00035953521728515625,True,False,False,True,True
AGGN,IDH,Xijing,f1,105,17,0.80952380952380953,0.54838709677419351,0.26113671274961603,9.5367431640625064e-07,exact paired swap,,,,9.5367431640625068e-06,0.00035953521728515625,True,False,False,True,True
AGGN,IDH,Xijing,mcc,105,17,0.78624539310689645,0.50751921892255236,0.27872617418434409,9.5367431640625064e-07,exact paired swap,,,,9.5367431640625068e-06,0.00035953521728515625,True,False,False,True,True
CMTLNet,IDH,Xijing,roc_auc,105,17,0.98195187165775411,0.94385026737967914,0.038101604278074963,0.090217481064289284,paired DeLong,0.00080919821986008631,,,0.66917114000568456,1,False,False,False,False,False
CMTLNet,IDH,Xijing,accuracy,105,17,0.92380952380952386,0.64761904761904765,0.27619047619047621,1.862645149230957e-09,exact McNemar,,,,3.3527612686157227e-08,8.4936618804931641e-07,True,False,False,True,True
CMTLNet,IDH,Xijing,f1,105,17,0.80952380952380953,0.46376811594202899,0.34575569358178054,1.8626451492309603e-09,exact paired swap,,,,3.3527612686157286e-08,8.4936618804931641e-07,True,False,False,True,True
CMTLNet,IDH,Xijing,mcc,105,17,0.78624539310689645,0.39201949452793661,0.39422589857895984,1.8626451492309603e-09,exact paired swap,,,,3.3527612686157286e-08,8.4936618804931641e-07,True,False,False,True,True
DenseNet121 3D,IDH,Xijing,roc_auc,105,17,0.98195187165775411,0.95721925133689834,0.024732620320855769,0.074352348889520511,paired DeLong,0.00029331385117623075,,,0.66917114000568456,1,False,False,False,False,False
DenseNet121 3D,IDH,Xijing,accuracy,105,17,0.92380952380952386,0.67619047619047623,0.24761904761904763,1.4901161193847656e-08,exact McNemar,,,,2.2351741790771484e-07,6.4373016357421875e-06,True,False,False,True,True
DenseNet121 3D,IDH,Xijing,f1,105,17,0.80952380952380953,0.5,0.30952380952380953,1.490116119384766e-08,exact paired swap,,,,2.0861625671386724e-07,6.4373016357421875e-06,True,False,False,True,True
DenseNet121 3D,IDH,Xijing,mcc,105,17,0.78624539310689645,0.45226701686664544,0.33397837624025101,1.490116119384766e-08,exact paired swap,,,,2.0861625671386724e-07,6.4373016357421875e-06,True,False,False,True,True
EfficientNet-B0 3D,IDH,Xijing,roc_auc,105,17,0.98195187165775411,0.928475935828877,0.053475935828877108,0.038328852385967838,paired DeLong,0.00091235878707676406,,,0.42161737624564621,1,True,False,False,False,False
EfficientNet-B0 3D,IDH,Xijing,accuracy,105,17,0.92380952380952386,0.78095238095238095,0.1428571428571429,3.0517578125e-05,exact McNemar,,,,0.00018310546875,0.009307861328125,True,False,False,True,True
EfficientNet-B0 3D,IDH,Xijing,f1,105,17,0.80952380952380953,0.58181818181818179,0.22770562770562774,3.0517578125000014e-05,exact paired swap,,,,0.00018310546875000008,0.009307861328125,True,False,False,True,True
EfficientNet-B0 3D,IDH,Xijing,mcc,105,17,0.78624539310689645,0.5298165768465799,0.25642881626031655,3.0517578125000014e-05,exact paired swap,,,,0.00018310546875000008,0.009307861328125,True,False,False,True,True
GlioMT image-only Transformer,IDH,Xijing,roc_auc,105,17,0.98195187165775411,0.85628342245989297,0.12566844919786113,0.0033879365551016845,paired DeLong,0.0021540868104278242,,,0.060982857991830321,0.64370794546932009,True,False,False,False,False
GlioMT image-only Transformer,IDH,Xijing,accuracy,105,17,0.92380952380952386,0.64761904761904765,0.27619047619047621,1.4901161193847656e-08,exact McNemar,,,,2.2351741790771484e-07,6.4373016357421875e-06,True,False,False,True,True
GlioMT image-only Transformer,IDH,Xijing,f1,105,17,0.80952380952380953,0.43076923076923079,0.37875457875457874,1.3504177331924405e-08,exact paired swap,,,,2.0256265997886607e-07,5.8743171393871163e-06,True,False,False,True,True
GlioMT image-only Transformer,IDH,Xijing,mcc,105,17,0.78624539310689645,0.32326144136112134,0.46298395174577511,1.3504177331924405e-08,exact paired swap,,,,2.0256265997886607e-07,5.8743171393871163e-06,True,False,False,True,True
2.5D Hybrid MTL,IDH,Xijing,roc_auc,105,17,0.98195187165775411,0.96657754010695185,0.015374331550802256,0.081106754799313618,paired DeLong,0.00012100015699455314,,,0.66917114000568456,1,False,False,False,False,False
2.5D Hybrid MTL,IDH,Xijing,accuracy,105,17,0.92380952380952386,0.84761904761904761,0.076190476190476253,0.00390625,exact McNemar,,,,0.0078125,0.73828125,True,False,False,True,False
2.5D Hybrid MTL,IDH,Xijing,f1,105,17,0.80952380952380953,0.68000000000000005,0.12952380952380949,0.0039062500000000069,exact paired swap,,,,0.0078125000000000139,0.73828125,True,False,False,True,False
2.5D Hybrid MTL,IDH,Xijing,mcc,105,17,0.78624539310689645,0.6492207662311682,0.13702462687572825,0.0039062500000000069,exact paired swap,,,,0.0078125000000000139,0.73828125,True,False,False,True,False
MFEFNet,IDH,Xijing,roc_auc,105,17,0.98195187165775411,0.97860962566844922,0.0033422459893048817,0.37718542661900156,paired DeLong,0.00011410840529362131,,,0.94206663886775344,1,False,False,False,False,False
MFEFNet,IDH,Xijing,accuracy,105,17,0.92380952380952386,0.82857142857142863,0.095238095238095233,0.0009765625,exact McNemar,,,,0.0029296875,0.21093749999999978,True,False,False,True,False
MFEFNet,IDH,Xijing,f1,105,17,0.80952380952380953,0.65384615384615385,0.15567765567765568,0.00097656249999999892,exact paired swap,,,,0.0029296874999999965,0.21093749999999978,True,False,False,True,False
MFEFNet,IDH,Xijing,mcc,105,17,0.78624539310689645,0.62158156050806102,0.16466383259883544,0.00097656249999999892,exact paired swap,,,,0.0029296874999999965,0.21093749999999978,True,False,False,True,False
MTTU-Net,IDH,Xijing,roc_auc,105,17,0.98195187165775411,0.95053475935828879,0.031417112299465311,0.10640393281435345,paired DeLong,0.0006358855908254375,,,0.66917114000568456,1,False,False,False,False,False
MTTU-Net,IDH,Xijing,accuracy,105,17,0.92380952380952386,0.72380952380952379,0.20000000000000007,4.76837158203125e-07,exact McNemar,,,,5.7220458984375e-06,0.00018548965454101562,True,False,False,True,True
MTTU-Net,IDH,Xijing,f1,105,17,0.80952380952380953,0.52459016393442626,0.28493364558938328,4.7683715820312532e-07,exact paired swap,,,,5.7220458984375034e-06,0.00018548965454101562,True,False,False,True,True
MTTU-Net,IDH,Xijing,mcc,105,17,0.78624539310689645,0.46511340861916689,0.32113198448772956,4.7683715820312532e-07,exact paired swap,,,,5.7220458984375034e-06,0.00018548965454101562,True,False,False,True,True
PrognosAIs WHO-2016 MTL,IDH,Xijing,roc_auc,105,17,0.98195187165775411,0.98195187165775399,1.1102230246251565e-16,0.5,paired DeLong,4.5203728063904203e-05,,,0.94206663886775344,1,False,False,False,False,False
PrognosAIs WHO-2016 MTL,IDH,Xijing,accuracy,105,17,0.92380952380952386,0.84761904761904761,0.076190476190476253,0.00390625,exact McNemar,,,,0.0078125,0.73828125,True,False,False,True,False
PrognosAIs WHO-2016 MTL,IDH,Xijing,f1,105,17,0.80952380952380953,0.68000000000000005,0.12952380952380949,0.0039062500000000069,exact paired swap,,,,0.0078125000000000139,0.73828125,True,False,False,True,False
PrognosAIs WHO-2016 MTL,IDH,Xijing,mcc,105,17,0.78624539310689645,0.6492207662311682,0.13702462687572825,0.0039062500000000069,exact paired swap,,,,0.0078125000000000139,0.73828125,True,False,False,True,False
ResNet10 3D,IDH,Xijing,roc_auc,105,17,0.98195187165775411,0.95855614973262027,0.023395721925133839,0.10711908374185852,paired DeLong,0.00035484014905813149,,,0.66917114000568456,1,False,False,False,False,False
ResNet10 3D,IDH,Xijing,accuracy,105,17,0.92380952380952386,0.66666666666666663,0.25714285714285723,7.4505805969238281e-09,exact McNemar,,,,1.2665987014770508e-07,3.3006072044372559e-06,True,False,False,True,True
ResNet10 3D,IDH,Xijing,f1,105,17,0.80952380952380953,0.49275362318840582,0.31677018633540371,7.4505805969238447e-09,exact paired swap,,,,1.2665987014770537e-07,3.3006072044372559e-06,True,False,False,True,True
ResNet10 3D,IDH,Xijing,mcc,105,17,0.78624539310689645,0.44373060875586795,0.3425147843510285,7.4505805969238447e-09,exact paired swap,,,,1.2665987014770537e-07,3.3006072044372559e-06,True,False,False,True,True
ResNet18 2.5D,IDH,Xijing,roc_auc,105,17,0.98195187165775411,0.9331550802139037,0.048796791443850407,0.041026310266829853,paired DeLong,0.00078747010282999427,,,0.42161737624564621,1,True,False,False,False,False
ResNet18 2.5D,IDH,Xijing,accuracy,105,17,0.92380952380952386,0.74285714285714288,0.18095238095238098,1.049041748046875e-05,exact McNemar,,,,8.392333984375e-05,0.003398895263671875,True,False,False,True,True
ResNet18 2.5D,IDH,Xijing,f1,105,17,0.80952380952380953,0.5423728813559322,0.26715092816787733,1.0013580322265622e-05,exact paired swap,,,,7.2270631790161133e-05,0.0032744407653808581,True,False,False,True,True
ResNet18 2.5D,IDH,Xijing,mcc,105,17,0.78624539310689645,0.48553038055886139,0.30071501254803507,1.0013580322265622e-05,exact paired swap,,,,7.0095062255859348e-05,0.0032744407653808581,True,False,False,True,True
ResNet18 3D,IDH,Xijing,roc_auc,105,17,0.98195187165775411,0.96189839572192515,0.020053475935828957,0.13421937368599374,paired DeLong,0.00032835746164172359,,,0.66917114000568456,1,False,False,False,False,False
ResNet18 3D,IDH,Xijing,accuracy,105,17,0.92380952380952386,0.74285714285714288,0.18095238095238098,1.9073486328125e-06,exact McNemar,,,,1.71661376953125e-05,0.0006847381591796875,True,False,False,True,True
ResNet18 3D,IDH,Xijing,f1,105,17,0.80952380952380953,0.5423728813559322,0.26715092816787733,1.9073486328125025e-06,exact paired swap,,,,1.7166137695312524e-05,0.0006847381591796875,True,False,False,True,True
ResNet18 3D,IDH,Xijing,mcc,105,17,0.78624539310689645,0.48553038055886139,0.30071501254803507,1.9073486328125025e-06,exact paired swap,,,,1.7166137695312524e-05,0.0006847381591796875,True,False,False,True,True
Swin-S,IDH,Xijing,roc_auc,105,17,0.98195187165775411,0.76537433155080214,0.21657754010695196,0.00051808350456424967,paired DeLong,0.0043585498541318874,,,0.0098435865867207428,0.11708687203152042,True,False,False,True,False
Swin-S,IDH,Xijing,accuracy,105,17,0.92380952380952386,0.55238095238095242,0.37142857142857144,1.9099388737231493e-11,exact McNemar,,,,3.6288838600739837e-10,9.568793757352978e-09,True,False,False,True,True
Swin-S,IDH,Xijing,f1,105,17,0.80952380952380953,0.38961038961038963,0.41991341991341991,1.8189894035458545e-11,exact paired swap,,,,3.4560798667371237e-10,9.1495166998356481e-09,True,False,False,True,True
Swin-S,IDH,Xijing,mcc,105,17,0.78624539310689645,0.2761501632372711,0.5100952298696253,1.8189894035458545e-11,exact paired swap,,,,3.4560798667371237e-10,9.1495166998356481e-09,True,False,False,True,True
AGGN,1p/19q,Xijing,roc_auc,59,5,0.94814814814814807,0.78518518518518521,0.16296296296296287,0.013105043151795743,paired DeLong,0.0053736056112016961,,,0.20968069042873189,1,True,False,False,False,False
AGGN,1p/19q,Xijing,accuracy,59,5,0.88135593220338981,0.69491525423728817,0.18644067796610164,0.001708984375,exact McNemar,,,,0.022216796875,0.343505859375,True,False,False,True,False
AGGN,1p/19q,Xijing,f1,59,5,0.46153846153846156,0.25,0.21153846153846156,0.06884765625,exact paired swap,,,,0.4999999999999995,1,False,False,False,False,False
AGGN,1p/19q,Xijing,mcc,59,5,0.41277045446049859,0.18101942213222266,0.23175103232827593,0.181640625,exact paired swap,,,,1,1,False,False,False,False,False
CMTLNet,1p/19q,Xijing,roc_auc,59,5,0.94814814814814807,0.8222222222222223,0.12592592592592577,0.045259118943210205,paired DeLong,0.0055345911949685519,,,0.49785030837531224,1,True,False,False,False,False
CMTLNet,1p/19q,Xijing,accuracy,59,5,0.88135593220338981,0.79661016949152541,0.084745762711864403,0.0625,exact McNemar,,,,0.3125,1,False,False,False,False,False
CMTLNet,1p/19q,Xijing,f1,59,5,0.46153846153846156,0.33333333333333331,0.12820512820512825,0.062499999999999938,exact paired swap,,,,0.4999999999999995,1,False,False,False,False,False
CMTLNet,1p/19q,Xijing,mcc,59,5,0.41277045446049859,0.27873117693472471,0.13403927752577388,0.062499999999999938,exact paired swap,,,,0.68749999999999933,1,False,False,False,False,False
DenseNet121 3D,1p/19q,Xijing,roc_auc,59,5,0.94814814814814807,0.80740740740740746,0.14074074074074061,0.028763610522805752,paired DeLong,0.0054911095581955116,,,0.3943617294420465,1,True,False,False,False,False
DenseNet121 3D,1p/19q,Xijing,accuracy,59,5,0.88135593220338981,0.76271186440677963,0.11864406779661019,0.0078125,exact McNemar,,,,0.0703125,1,True,False,False,False,False
DenseNet121 3D,1p/19q,Xijing,f1,59,5,0.46153846153846156,0.22222222222222221,0.23931623931623935,0.0078125000000000607,exact paired swap,,,,0.10156250000000079,1,True,False,False,False,False
DenseNet121 3D,1p/19q,Xijing,mcc,59,5,0.41277045446049859,0.13189957479946796,0.28087087966103064,0.0078125000000000607,exact paired swap,,,,0.10156250000000079,1,True,False,False,False,False
EfficientNet-B0 3D,1p/19q,Xijing,roc_auc,59,5,0.94814814814814807,0.79259259259259263,0.15555555555555545,0.059540250617043024,paired DeLong,0.0099604006522245516,,,0.49785030837531224,1,False,False,False,False,False
EfficientNet-B0 3D,1p/19q,Xijing,accuracy,59,5,0.88135593220338981,0.4576271186440678,0.42372881355932202,2.0861625671386719e-07,exact McNemar,,,,3.9637088775634766e-06,8.2403421401977539e-05,True,False,False,True,True
EfficientNet-B0 3D,1p/19q,Xijing,f1,59,5,0.46153846153846156,0.20000000000000001,0.26153846153846155,0.0001333877444267274,exact paired swap,,,,0.002400979399681093,0.034680813550949124,True,False,False,True,True
EfficientNet-B0 3D,1p/19q,Xijing,mcc,59,5,0.41277045446049859,0.12808796029757144,0.28468249416292712,0.0023388341069221505,exact paired swap,,,,0.037421345710754408,0.4537338167428972,True,False,False,True,False
GlioMT image-only Transformer,1p/19q,Xijing,roc_auc,59,5,0.94814814814814807,0.77037037037037037,0.1777777777777777,0.0044072484703824716,paired DeLong,0.0046071123534435886,,,0.08373772093726696,0.78449022772807997,True,False,False,False,False
GlioMT image-only Transformer,1p/19q,Xijing,accuracy,59,5,0.88135593220338981,0.72881355932203384,0.15254237288135597,0.001953125,exact McNemar,,,,0.0234375,0.388671875,True,False,False,True,False
GlioMT image-only Transformer,1p/19q,Xijing,f1,59,5,0.46153846153846156,0.20000000000000001,0.26153846153846155,0.0019531250000000035,exact paired swap,,,,0.031250000000000056,0.388671875,True,False,False,True,False
GlioMT image-only Transformer,1p/19q,Xijing,mcc,59,5,0.41277045446049859,0.10186256448101387,0.31090788997948471,0.0019531250000000035,exact paired swap,,,,0.033203125000000056,0.388671875,True,False,False,True,False
2.5D Hybrid MTL,1p/19q,Xijing,roc_auc,59,5,0.94814814814814807,0.82962962962962961,0.11851851851851847,0.086672575270466679,paired DeLong,0.007577322255868729,,,0.49785030837531224,1,False,False,False,False,False
2.5D Hybrid MTL,1p/19q,Xijing,accuracy,59,5,0.88135593220338981,0.72881355932203384,0.15254237288135597,0.005859375,exact McNemar,,,,0.05859375,1,True,False,False,False,False
2.5D Hybrid MTL,1p/19q,Xijing,f1,59,5,0.46153846153846156,0.27272727272727271,0.18881118881118886,0.005859375,exact paired swap,,,,0.08203125,1,True,False,False,False,False
2.5D Hybrid MTL,1p/19q,Xijing,mcc,59,5,0.41277045446049859,0.20953512687653467,0.20323532758396393,0.005859375,exact paired swap,,,,0.08203125,1,True,False,False,False,False
MFEFNet,1p/19q,Xijing,roc_auc,59,5,0.94814814814814807,0.87037037037037046,0.077777777777777612,0.23637050091553269,paired DeLong,0.011733571447058515,,,0.49785030837531224,1,False,False,False,False,False
MFEFNet,1p/19q,Xijing,accuracy,59,5,0.88135593220338981,0.96610169491525422,-0.084745762711864403,1,exact McNemar,,,,1,1,False,False,False,False,False
MFEFNet,1p/19q,Xijing,f1,59,5,0.46153846153846156,0.80000000000000004,-0.33846153846153848,1,exact paired swap,,,,1,1,False,False,False,False,False
MFEFNet,1p/19q,Xijing,mcc,59,5,0.41277045446049859,0.78148148148148144,-0.36871102702098285,1,exact paired swap,,,,1,1,False,False,False,False,False
MTTU-Net,1p/19q,Xijing,roc_auc,59,5,0.94814814814814807,0.86296296296296293,0.085185185185185142,0.047541289489693744,paired DeLong,0.002604498278851878,,,0.49785030837531224,1,True,False,False,False,False
MTTU-Net,1p/19q,Xijing,accuracy,59,5,0.88135593220338981,0.74576271186440679,0.13559322033898302,0.00390625,exact McNemar,,,,0.04296875,0.73828125,True,False,False,True,False
MTTU-Net,1p/19q,Xijing,f1,59,5,0.46153846153846156,0.2857142857142857,0.17582417582417587,0.0039062500000000069,exact paired swap,,,,0.058593750000000104,0.73828125,True,False,False,False,False
MTTU-Net,1p/19q,Xijing,mcc,59,5,0.41277045446049859,0.22505861041583891,0.18771184404465968,0.0039062500000000069,exact paired swap,,,,0.058593750000000104,0.73828125,True,False,False,False,False
PrognosAIs WHO-2016 MTL,1p/19q,Xijing,roc_auc,59,5,0.94814814814814807,0.89629629629629626,0.051851851851851816,0.062033629313346252,paired DeLong,0.0011367342184952247,,,0.49785030837531224,1,False,False,False,False,False
PrognosAIs WHO-2016 MTL,1p/19q,Xijing,accuracy,59,5,0.88135593220338981,0.81355932203389836,0.067796610169491456,0.109375,exact McNemar,,,,0.4375,1,False,False,False,False,False
PrognosAIs WHO-2016 MTL,1p/19q,Xijing,f1,59,5,0.46153846153846156,0.35294117647058826,0.10859728506787331,0.10937500000000015,exact paired swap,,,,0.65625000000000089,1,False,False,False,False,False
PrognosAIs WHO-2016 MTL,1p/19q,Xijing,mcc,59,5,0.41277045446049859,0.29982264260938768,0.11294781185111091,0.10937500000000015,exact paired swap,,,,0.90523910522460915,1,False,False,False,False,False
ResNet10 3D,1p/19q,Xijing,roc_auc,59,5,0.94814814814814807,0.81111111111111123,0.13703703703703685,0.028168694960146179,paired DeLong,0.0051561974273364895,,,0.3943617294420465,1,True,False,False,False,False
ResNet10 3D,1p/19q,Xijing,accuracy,59,5,0.88135593220338981,0.76271186440677963,0.11864406779661019,0.046142578125,exact McNemar,,,,0.27685546875,1,True,False,False,False,False
ResNet10 3D,1p/19q,Xijing,f1,59,5,0.46153846153846156,0.36363636363636365,0.097902097902097918,0.20324707031250006,exact paired swap,,,,1,1,False,False,False,False,False
ResNet10 3D,1p/19q,Xijing,mcc,59,5,0.41277045446049859,0.34391091476474711,0.068859539695751482,0.41271972656250017,exact paired swap,,,,1,1,False,False,False,False,False
ResNet18 2.5D,1p/19q,Xijing,roc_auc,59,5,0.94814814814814807,0.71111111111111114,0.23703703703703694,0.035042901685716041,paired DeLong,0.017124776768382637,,,0.42051482022859249,1,True,False,False,False,False
ResNet18 2.5D,1p/19q,Xijing,accuracy,59,5,0.88135593220338981,0.69491525423728817,0.18644067796610164,0.00048828125,exact McNemar,,,,0.0078125,0.11376953124999999,True,False,False,True,False
ResNet18 2.5D,1p/19q,Xijing,f1,59,5,0.46153846153846156,0.25,0.21153846153846156,0.00048828124999999995,exact paired swap,,,,0.0083007812499999983,0.11376953124999999,True,False,False,True,False
ResNet18 2.5D,1p/19q,Xijing,mcc,59,5,0.41277045446049859,0.18101942213222266,0.23175103232827593,0.00048828124999999995,exact paired swap,,,,0.0087890624999999983,0.11376953124999999,True,False,False,True,False
ResNet18 3D,1p/19q,Xijing,roc_auc,59,5,0.94814814814814807,0.74814814814814823,0.19999999999999984,0.0098985928593068959,paired DeLong,0.0073669021921991869,,,0.17586339866954709,1,True,False,False,False,False
ResNet18 3D,1p/19q,Xijing,accuracy,59,5,0.88135593220338981,0.64406779661016944,0.23728813559322037,6.103515625e-05,exact McNemar,,,,0.00103759765625,0.0172119140625,True,False,False,True,True
ResNet18 3D,1p/19q,Xijing,f1,59,5,0.46153846153846156,0.16,0.30153846153846153,6.1035156250000081e-05,exact paired swap,,,,0.0011596679687500015,0.0172119140625,True,False,False,True,True
ResNet18 3D,1p/19q,Xijing,mcc,59,5,0.41277045446049859,0.039223227027636809,0.37354722743286178,6.1035156250000081e-05,exact paired swap,,,,0.0011596679687500015,0.0172119140625,True,False,False,True,True
Swin-S,1p/19q,Xijing,roc_auc,59,5,0.94814814814814807,0.64814814814814814,0.29999999999999993,0.0097701888149748384,paired DeLong,0.016506198721432823,,,0.17586339866954709,1,True,False,False,False,False
Swin-S,1p/19q,Xijing,accuracy,59,5,0.88135593220338981,0.64406779661016944,0.23728813559322037,0.0006561279296875,exact McNemar,,,,0.0098419189453125,0.14697265625,True,False,False,True,False
Swin-S,1p/19q,Xijing,f1,59,5,0.46153846153846156,0.22222222222222221,0.23931623931623935,0.026393890380859372,exact paired swap,,,,0.24028301239013639,1,True,False,False,False,False
Swin-S,1p/19q,Xijing,mcc,59,5,0.41277045446049859,0.1429159558095961,0.2698544986509025,0.10058212280273435,exact paired swap,,,,0.90523910522460915,1,False,False,False,False,False
